{"stats":{"minecraft:crafted":{"minecraft:cooked_beef":15,"minecraft:oak_planks":16,"minecraft:cooked_porkchop":8,"minecraft:crafting_table":1,"minecraft:wooden_pickaxe":1,"minecraft:birch_boat":1,"minecraft:iron_sword":1,"minecraft:furnace":1,"minecraft:birch_planks":16,"minecraft:stone_axe":1,"minecraft:cooked_mutton":10,"minecraft:air":0,"minecraft:iron_chestplate":1,"minecraft:shield":1,"minecraft:iron_axe":1,"minecraft:stick":12,"minecraft:iron_ingot":24,"minecraft:iron_pickaxe":1,"minecraft:stone_pickaxe":1,"minecraft:stone_sword":1,"minecraft:iron_leggings":1,"minecraft:gold_ingot":9,"minecraft:golden_helmet":1,"minecraft:golden_boots":1},"minecraft:custom":{"minecraft:interact_with_furnace":46,"minecraft:mob_kills":26,"minecraft:interact_with_crafting_table":16,"minecraft:leave_game":2,"minecraft:time_since_death":38085,"minecraft:climb_one_cm":659,"minecraft:time_since_rest":38085,"minecraft:sprint_one_cm":112463,"minecraft:damage_taken":563,"minecraft:walk_one_cm":42629,"minecraft:damage_blocked_by_shield":1395,"minecraft:damage_dealt":2808,"minecraft:swim_one_cm":30741,"minecraft:fly_one_cm":108333,"minecraft:open_chest":4,"minecraft:crouch_one_cm":826,"minecraft:play_time":38085,"minecraft:sneak_time":299,"minecraft:walk_under_water_one_cm":1160,"minecraft:boat_one_cm":10440,"minecraft:jump":679,"minecraft:walk_on_water_one_cm":14719,"minecraft:total_world_time":38085,"minecraft:fall_one_cm":17972},"minecraft:used":{"minecraft:golden_boots":1,"minecraft:stone_sword":52,"minecraft:stone_pickaxe":17,"minecraft:shield":28,"minecraft:wooden_pickaxe":12,"minecraft:birch_boat":1,"minecraft:iron_sword":6,"minecraft:iron_chestplate":1,"minecraft:dirt":6,"minecraft:crafting_table":9,"minecraft:golden_chestplate":1,"minecraft:iron_axe":1,"minecraft:iron_pickaxe":34,"minecraft:stone_axe":16,"minecraft:furnace":5,"minecraft:cooked_porkchop":1,"minecraft:cooked_beef":7,"minecraft:iron_leggings":1},"minecraft:killed":{"minecraft:pig":5,"minecraft:sheep":7,"minecraft:zombie":5,"minecraft:chicken":2,"minecraft:cow":7},"minecraft:picked_up":{"minecraft:birch_log":4,"minecraft:crafting_table":8,"minecraft:chicken":2,"minecraft:andesite":1,"minecraft:leather":5,"minecraft:gold_block":1,"minecraft:oak_log":4,"minecraft:dirt":22,"minecraft:beef":15,"minecraft:furnace":4,"minecraft:stick":2,"minecraft:raw_iron":21,"minecraft:birch_boat":1,"minecraft:porkchop":8,"minecraft:ink_sac":3,"minecraft:diorite":1,"minecraft:rotten_flesh":2,"minecraft:oak_sapling":1,"minecraft:coal":16,"minecraft:mutton":10,"minecraft:white_wool":7,"minecraft:cobblestone":20},"minecraft:mined":{"minecraft:crafting_table":8,"minecraft:grass_block":5,"minecraft:diorite":1,"minecraft:furnace":4,"minecraft:birch_log":4,"minecraft:iron_ore":19,"minecraft:andesite":1,"minecraft:gold_block":1,"minecraft:grass":2,"minecraft:oak_log":4,"minecraft:coal_ore":10,"minecraft:deepslate_iron_ore":2,"minecraft:dirt":1,"minecraft:stone":20,"minecraft:oak_leaves":6}},"DataVersion":3465}