{"stats":{"minecraft:crafted":{"minecraft:oak_planks":172,"minecraft:birch_boat":1,"minecraft:cooked_chicken":2,"minecraft:birch_slab":6,"minecraft:furnace":1,"minecraft:bone_meal":33,"minecraft:cooked_mutton":11,"minecraft:iron_boots":1,"minecraft:iron_axe":1,"minecraft:stone_pickaxe":1,"minecraft:golden_helmet":1,"minecraft:golden_boots":1,"minecraft:cooked_beef":18,"minecraft:diamond_sword":1,"minecraft:cooked_porkchop":11,"minecraft:crafting_table":1,"minecraft:wooden_pickaxe":1,"minecraft:iron_helmet":1,"minecraft:iron_sword":1,"minecraft:birch_planks":16,"minecraft:stone_axe":1,"minecraft:air":0,"minecraft:wooden_hoe":1,"minecraft:iron_chestplate":1,"minecraft:diamond_pickaxe":1,"minecraft:shield":2,"minecraft:stick":16,"minecraft:iron_ingot":29,"minecraft:iron_pickaxe":1,"minecraft:stone_sword":1,"minecraft:iron_leggings":1,"minecraft:iron_shovel":1,"minecraft:gold_ingot":9,"minecraft:white_bed":1},"minecraft:custom":{"minecraft:mob_kills":34,"minecraft:interact_with_crafting_table":28,"minecraft:leave_game":4,"minecraft:time_since_death":27070,"minecraft:climb_one_cm":659,"minecraft:sprint_one_cm":273540,"minecraft:walk_one_cm":153751,"minecraft:damage_blocked_by_shield":2303,"minecraft:drop":34,"minecraft:play_time":98881,"minecraft:deaths":3,"minecraft:sneak_time":2271,"minecraft:walk_under_water_one_cm":3312,"minecraft:boat_one_cm":10440,"minecraft:jump":2074,"minecraft:walk_on_water_one_cm":25608,"minecraft:total_world_time":98881,"minecraft:interact_with_furnace":63,"minecraft:sleep_in_bed":6,"minecraft:time_since_rest":3084,"minecraft:damage_taken":1924,"minecraft:damage_dealt":5022,"minecraft:swim_one_cm":43891,"minecraft:fly_one_cm":395301,"minecraft:player_kills":3,"minecraft:open_chest":25,"minecraft:crouch_one_cm":5395,"minecraft:fall_one_cm":48406},"minecraft:used":{"minecraft:stone_sword":52,"minecraft:iron_shovel":3,"minecraft:shield":50,"minecraft:iron_sword":29,"minecraft:cooked_chicken":2,"minecraft:iron_chestplate":1,"minecraft:dirt":85,"minecraft:carrot":60,"minecraft:golden_chestplate":1,"minecraft:iron_axe":76,"minecraft:iron_boots":1,"minecraft:furnace":6,"minecraft:cooked_beef":8,"minecraft:cobbled_deepslate":18,"minecraft:iron_leggings":1,"minecraft:golden_boots":1,"minecraft:cooked_mutton":2,"minecraft:stone_pickaxe":17,"minecraft:oak_planks":120,"minecraft:birch_boat":1,"minecraft:wooden_pickaxe":12,"minecraft:composter":1,"minecraft:crafting_table":12,"minecraft:white_bed":2,"minecraft:wooden_hoe":3,"minecraft:iron_pickaxe":72,"minecraft:stone_axe":16,"minecraft:cobblestone":11,"minecraft:cooked_porkchop":8,"minecraft:bone_meal":33,"minecraft:golden_pickaxe":5},"minecraft:killed_by":{"minecraft:player":3},"minecraft:dropped":{"minecraft:golden_boots":1,"minecraft:iron_ingot":21,"minecraft:iron_sword":3,"minecraft:wheat_seeds":2,"minecraft:golden_helmet":1,"minecraft:diamond":1,"minecraft:cobblestone":1,"minecraft:leather":5,"minecraft:iron_axe":1,"minecraft:white_wool":7,"minecraft:golden_chestplate":1,"minecraft:cobbled_deepslate":3,"minecraft:raw_iron":10,"minecraft:oak_planks":42,"minecraft:iron_hoe":1,"minecraft:poppy":3,"minecraft:shield":1,"minecraft:iron_chestplate":2,"minecraft:diamond_pickaxe":3},"minecraft:broken":{"minecraft:shield":1},"minecraft:killed":{"minecraft:chicken":2,"minecraft:pig":5,"minecraft:sheep":10,"minecraft:zombie":10,"minecraft:cow":7},"minecraft:picked_up":{"minecraft:crafting_table":16,"minecraft:iron_chestplate":4,"minecraft:chicken":2,"minecraft:golden_pickaxe":1,"minecraft:diamond_sword":1,"minecraft:gold_block":1,"minecraft:shield":2,"minecraft:string":2,"minecraft:iron_axe":4,"minecraft:iron_leggings":3,"minecraft:cobbled_deepslate":21,"minecraft:beef":15,"minecraft:iron_nugget":3,"minecraft:poppy":4,"minecraft:iron_pickaxe":3,"minecraft:iron_boots":2,"minecraft:furnace":7,"minecraft:stick":7,"minecraft:raw_iron":54,"minecraft:composter":1,"minecraft:porkchop":18,"minecraft:golden_axe":1,"minecraft:diorite":2,"minecraft:carrot":60,"minecraft:redstone":7,"minecraft:iron_horse_armor":2,"minecraft:stone_sword":1,"minecraft:arrow":2,"minecraft:rotten_flesh":14,"minecraft:saddle":1,"minecraft:mutton":10,"minecraft:white_wool":10,"minecraft:cobblestone":28,"minecraft:birch_log":4,"minecraft:stripped_oak_log":12,"minecraft:cooked_beef":8,"minecraft:glow_ink_sac":4,"minecraft:andesite":2,"minecraft:leather":20,"minecraft:birch_planks":10,"minecraft:oak_log":31,"minecraft:dirt":144,"minecraft:paper":3,"minecraft:name_tag":2,"minecraft:cooked_mutton":9,"minecraft:bone":20,"minecraft:apple":1,"minecraft:wheat_seeds":6,"minecraft:iron_ingot":11,"minecraft:stone_pickaxe":1,"minecraft:iron_sword":5,"minecraft:oak_planks":110,"minecraft:cooked_porkchop":6,"minecraft:birch_boat":3,"minecraft:ink_sac":6,"minecraft:white_bed":1,"minecraft:iron_hoe":1,"minecraft:diamond":6,"minecraft:stone_axe":1,"minecraft:iron_helmet":2,"minecraft:bread":58,"minecraft:oak_sapling":4,"minecraft:coal":59,"minecraft:diamond_pickaxe":3},"minecraft:mined":{"minecraft:white_bed":1,"minecraft:grass_block":5,"minecraft:composter":1,"minecraft:furnace":6,"minecraft:carrots":17,"minecraft:iron_ore":24,"minecraft:andesite":1,"minecraft:gold_block":1,"minecraft:deepslate_iron_ore":2,"minecraft:stripped_oak_log":12,"minecraft:stone":21,"minecraft:crafting_table":11,"minecraft:cobblestone":8,"minecraft:deepslate_coal_ore":4,"minecraft:oak_planks":12,"minecraft:diorite":1,"minecraft:birch_log":4,"minecraft:grass":3,"minecraft:oak_log":32,"minecraft:coal_ore":10,"minecraft:dirt":11,"minecraft:oak_leaves":8,"minecraft:deepslate":21}},"DataVersion":3465}