{"stats":{"minecraft:picked_up":{"minecraft:shulker_shell":20,"minecraft:iron_chestplate":5,"minecraft:nether_brick_fence":14,"minecraft:lead":8,"minecraft:diamond_sword":20,"minecraft:stone_slab":25,"minecraft:oak_stairs":1,"minecraft:enchanted_book":11,"minecraft:potion":3,"minecraft:nether_brick":27,"minecraft:golden_sword":12,"minecraft:amethyst_block":3,"minecraft:string":106,"minecraft:iron_leggings":4,"minecraft:diamond_leggings":13,"minecraft:gold_nugget":124,"minecraft:cobbled_deepslate":93,"minecraft:spruce_planks":694,"minecraft:redstone_torch":3,"minecraft:calcite":2,"minecraft:iron_pickaxe":11,"minecraft:iron_boots":5,"minecraft:furnace":9,"minecraft:golden_helmet":1,"minecraft:stick":741,"minecraft:composter":1,"minecraft:oak_fence":22,"minecraft:torch":10,"minecraft:purpur_pillar":2,"minecraft:porkchop":39,"minecraft:golden_axe":1,"minecraft:diorite":4,"minecraft:stone_sword":1,"minecraft:rotten_flesh":161,"minecraft:blaze_rod":27,"minecraft:obsidian":37,"minecraft:cobblestone":121,"minecraft:birch_log":4,"minecraft:leather_chestplate":2,"minecraft:magma_block":3721,"minecraft:feather":2,"minecraft:cooked_beef":10,"minecraft:magma_cream":3,"minecraft:water_bucket":11,"minecraft:andesite":2,"minecraft:potato":1,"minecraft:flint":14,"minecraft:tuff":4,"minecraft:wither_skeleton_skull":29,"minecraft:dirt":536,"minecraft:name_tag":6,"minecraft:twisting_vines":5,"minecraft:bone":48,"minecraft:chipped_anvil":1,"minecraft:bow":8,"minecraft:wheat_seeds":56,"minecraft:bell":6,"minecraft:diamond_helmet":11,"minecraft:glowstone_dust":16,"minecraft:powered_rail":2,"minecraft:oak_planks":125,"minecraft:ghast_tear":2,"minecraft:chiseled_polished_blackstone":4,"minecraft:cooked_porkchop":24,"minecraft:sand":4,"minecraft:stripped_spruce_log":1,"minecraft:ink_sac":6,"minecraft:spectral_arrow":64,"minecraft:shulker_box":48,"minecraft:iron_hoe":1,"minecraft:sugar":22,"minecraft:diamond":57,"minecraft:cracked_polished_blackstone_bricks":1,"minecraft:crossbow":37,"minecraft:bone_meal":92,"minecraft:grass":9,"minecraft:golden_apple":32,"minecraft:spruce_button":3,"minecraft:emerald":564,"minecraft:bread":350,"minecraft:netherrack":2878,"minecraft:oak_sapling":6,"minecraft:chorus_fruit":23,"minecraft:oak_leaves":1859,"minecraft:crimson_roots":27,"minecraft:diamond_pickaxe":20,"minecraft:spruce_leaves":1094,"minecraft:crafting_table":24,"minecraft:chicken":3,"minecraft:nether_wart":32,"minecraft:golden_pickaxe":1,"minecraft:gold_block":21,"minecraft:dragon_head":1,"minecraft:purpur_block":1,"minecraft:shield":13,"minecraft:elytra":9,"minecraft:iron_axe":13,"minecraft:flint_and_steel":1,"minecraft:iron_shovel":2,"minecraft:blackstone":94,"minecraft:cracked_stone_bricks":1,"minecraft:beef":24,"minecraft:iron_nugget":376,"minecraft:poppy":4,"minecraft:minecart":2,"minecraft:lectern":158,"minecraft:sugar_cane":986,"minecraft:chest":6,"minecraft:spruce_trapdoor":2,"minecraft:piston":2,"minecraft:egg":13,"minecraft:raw_iron":54,"minecraft:end_stone":747,"minecraft:fire_charge":5,"minecraft:polished_blackstone_bricks":17,"minecraft:cookie":1,"minecraft:carrot":123,"minecraft:redstone":11,"minecraft:netherite_pickaxe":1,"minecraft:iron_horse_armor":2,"minecraft:arrow":286,"minecraft:weeping_vines":1,"minecraft:diamond_chestplate":20,"minecraft:cooked_cod":3,"minecraft:peony":2,"minecraft:nether_bricks":10,"minecraft:deepslate_bricks":55,"minecraft:diamond_boots":15,"minecraft:saddle":18,"minecraft:gold_ingot":116,"minecraft:totem_of_undying":42,"minecraft:mutton":10,"minecraft:rail":6,"minecraft:white_wool":10,"minecraft:stripped_oak_log":12,"minecraft:birch_leaves":52,"minecraft:golden_carrot":184,"minecraft:glow_ink_sac":17,"minecraft:leather":81,"minecraft:birch_planks":10,"minecraft:crimson_fungus":1,"minecraft:oak_log":114,"minecraft:ancient_debris":2,"minecraft:golden_boots":2,"minecraft:yellow_bed":3,"minecraft:nether_wart_block":4,"minecraft:gunpowder":35,"minecraft:paper":24,"minecraft:white_banner":36,"minecraft:cooked_mutton":9,"minecraft:apple":209,"minecraft:warped_stem":8,"minecraft:iron_ingot":33,"minecraft:stone_pickaxe":1,"minecraft:stripped_oak_wood":1,"minecraft:glass_bottle":16,"minecraft:iron_sword":5,"minecraft:soul_sand":58,"minecraft:book":51,"minecraft:oak_slab":1,"minecraft:smooth_basalt":2,"minecraft:birch_boat":4,"minecraft:quartz":597,"minecraft:dandelion":4,"minecraft:gravel":252,"minecraft:lava_bucket":1,"minecraft:spruce_sapling":284,"minecraft:white_bed":5,"minecraft:spruce_log":2367,"minecraft:crying_obsidian":12,"minecraft:spider_eye":21,"minecraft:dragon_egg":1,"minecraft:firework_rocket":91,"minecraft:diamond_shovel":7,"minecraft:stone_axe":1,"minecraft:iron_helmet":3,"minecraft:diamond_axe":19,"minecraft:warped_roots":26,"minecraft:warped_nylium":30,"minecraft:coal":64,"minecraft:ender_pearl":172},"minecraft:broken":{"minecraft:shears":13,"minecraft:shield":1,"minecraft:iron_axe":1,"minecraft:iron_pickaxe":1,"minecraft:iron_helmet":2},"minecraft:used":{"minecraft:iron_shovel":56,"minecraft:elytra":77,"minecraft:chest":4,"minecraft:shield":136,"minecraft:iron_sword":29,"minecraft:bell":2,"minecraft:spruce_leaves":2,"minecraft:rotten_flesh":4,"minecraft:iron_chestplate":1,"minecraft:soul_sand":36,"minecraft:nether_bricks":5,"minecraft:carrot":64,"minecraft:tuff":4,"minecraft:obsidian":21,"minecraft:lava_bucket":15,"minecraft:iron_helmet":1,"minecraft:magma_block":1,"minecraft:bow":24,"minecraft:furnace":7,"minecraft:cooked_cod":3,"minecraft:egg":1,"minecraft:golden_boots":1,"minecraft:diorite":2,"minecraft:diamond_boots":6,"minecraft:oak_planks":163,"minecraft:stone_pickaxe":17,"minecraft:ender_pearl":114,"minecraft:blackstone":10,"minecraft:wooden_pickaxe":12,"minecraft:composter":1,"minecraft:sugar_cane":3,"minecraft:diamond_axe":2475,"minecraft:purpur_pillar":2,"minecraft:golden_apple":14,"minecraft:blast_furnace":1,"minecraft:crossbow":4,"minecraft:end_stone":582,"minecraft:shears":3172,"minecraft:redstone_torch":2,"minecraft:firework_rocket":76,"minecraft:bread":237,"minecraft:lectern":158,"minecraft:gravel":54,"minecraft:diamond_sword":1408,"minecraft:stripped_oak_wood":1,"minecraft:purpur_block":1,"minecraft:golden_pickaxe":5,"minecraft:grindstone":2,"minecraft:bone_meal":97,"minecraft:experience_bottle":2,"minecraft:stone_sword":52,"minecraft:flint_and_steel":2,"minecraft:spruce_planks":89,"minecraft:cooked_chicken":7,"minecraft:netherrack":441,"minecraft:torch":2,"minecraft:dragon_egg":1,"minecraft:dirt":413,"minecraft:anvil":1,"minecraft:diamond_helmet":3,"minecraft:shulker_box":45,"minecraft:golden_chestplate":1,"minecraft:dark_oak_planks":3,"minecraft:bookshelf":6,"minecraft:iron_axe":336,"minecraft:iron_boots":1,"minecraft:totem_of_undying":7,"minecraft:diamond_chestplate":83,"minecraft:golden_carrot":86,"minecraft:netherite_pickaxe":33,"minecraft:cooked_beef":17,"minecraft:cobbled_deepslate":118,"minecraft:iron_leggings":1,"minecraft:cooked_mutton":2,"minecraft:water_bucket":36,"minecraft:birch_boat":1,"minecraft:deepslate_bricks":39,"minecraft:polished_blackstone_bricks":11,"minecraft:crafting_table":18,"minecraft:oak_slab":1,"minecraft:white_bed":3,"minecraft:spruce_log":10,"minecraft:warped_planks":21,"minecraft:piston":2,"minecraft:wooden_hoe":3,"minecraft:diamond_pickaxe":7745,"minecraft:apple":10,"minecraft:diamond_shovel":260,"minecraft:iron_pickaxe":1042,"minecraft:stone_slab":5,"minecraft:spruce_sapling":91,"minecraft:stone_axe":16,"minecraft:cobblestone":78,"minecraft:potion":5,"minecraft:porkchop":12,"minecraft:cooked_porkchop":37,"minecraft:bucket":53,"minecraft:yellow_bed":2,"minecraft:diamond_leggings":3},"minecraft:dropped":{"minecraft:iron_sword":3,"minecraft:soul_sand":22,"minecraft:porkchop":4,"minecraft:diamond_axe":10,"minecraft:cooked_beef":1,"minecraft:chorus_fruit":23,"minecraft:ender_pearl":23,"minecraft:glass_bottle":9,"minecraft:diamond":34,"minecraft:crafting_table":1,"minecraft:cooked_porkchop":9,"minecraft:crossbow":12,"minecraft:weeping_vines":1,"minecraft:cookie":1,"minecraft:warped_roots":26,"minecraft:leather":48,"minecraft:iron_horse_armor":1,"minecraft:saddle":5,"minecraft:elytra":6,"minecraft:rail":5,"minecraft:birch_slab":6,"minecraft:emerald":8,"minecraft:flint":12,"minecraft:spruce_leaves":4,"minecraft:cracked_polished_blackstone_bricks":1,"minecraft:dirt":24,"minecraft:grass":9,"minecraft:crimson_roots":20,"minecraft:gold_nugget":105,"minecraft:sand":4,"minecraft:polished_blackstone_bricks":6,"minecraft:sugar":6,"minecraft:iron_pickaxe":4,"minecraft:white_wool":7,"minecraft:gold_ingot":125,"minecraft:bone":11,"minecraft:gravel":198,"minecraft:chiseled_polished_blackstone":4,"minecraft:crimson_fungus":1,"minecraft:blackstone":76,"minecraft:sugar_cane":68,"minecraft:iron_nugget":38,"minecraft:golden_chestplate":1,"minecraft:cobbled_deepslate":3,"minecraft:nether_brick":27,"minecraft:twisting_vines":4,"minecraft:rotten_flesh":116,"minecraft:oak_planks":62,"minecraft:glowstone_dust":3,"minecraft:end_stone":109,"minecraft:blaze_powder":52,"minecraft:nether_brick_fence":6,"minecraft:white_bed":3,"minecraft:carrot":59,"minecraft:shulker_shell":5,"minecraft:poppy":3,"minecraft:leather_chestplate":2,"minecraft:gunpowder":20,"minecraft:chest":4,"minecraft:spruce_slab":24,"minecraft:arrow":106,"minecraft:powered_rail":1,"minecraft:beef":1,"minecraft:crying_obsidian":12,"minecraft:ghast_tear":2,"minecraft:quartz":426,"minecraft:netherrack":1774,"minecraft:lectern":1,"minecraft:firework_rocket":16,"minecraft:egg":3,"minecraft:water_bucket":2,"minecraft:enchanted_book":20,"minecraft:golden_boots":1,"minecraft:iron_ingot":74,"minecraft:bread":128,"minecraft:netherite_pickaxe":1,"minecraft:wheat_seeds":15,"minecraft:birch_leaves":45,"minecraft:golden_helmet":1,"minecraft:diamond_leggings":6,"minecraft:book":2,"minecraft:golden_axe":1,"minecraft:cobblestone":6,"minecraft:lead":5,"minecraft:spectral_arrow":22,"minecraft:apple":1,"minecraft:coal":5,"minecraft:golden_apple":24,"minecraft:stick":88,"minecraft:lava_bucket":2,"minecraft:golden_carrot":8,"minecraft:wooden_hoe":1,"minecraft:torch":95,"minecraft:nether_wart_block":4,"minecraft:diamond_helmet":2,"minecraft:fire_charge":5,"minecraft:potion":1,"minecraft:iron_leggings":1,"minecraft:white_banner":21,"minecraft:iron_axe":6,"minecraft:chipped_anvil":1,"minecraft:paper":165,"minecraft:string":100,"minecraft:spruce_sapling":61,"minecraft:dandelion":3,"minecraft:furnace":2,"minecraft:warped_nylium":23,"minecraft:blaze_rod":1,"minecraft:diamond_hoe":4,"minecraft:raw_iron":10,"minecraft:wither_skeleton_skull":1,"minecraft:iron_boots":1,"minecraft:iron_hoe":1,"minecraft:stone_slab":4,"minecraft:totem_of_undying":6,"minecraft:nether_bricks":5,"minecraft:shulker_box":3,"minecraft:flint_and_steel":1,"minecraft:deepslate_bricks":16,"minecraft:diamond_sword":7,"minecraft:potato":1,"minecraft:spruce_boat":1,"minecraft:stone":3,"minecraft:shield":6,"minecraft:oak_button":3,"minecraft:diamond_chestplate":7,"minecraft:spruce_trapdoor":2,"minecraft:spruce_planks":3,"minecraft:diamond_pickaxe":10,"minecraft:iron_chestplate":2,"minecraft:yellow_bed":2,"minecraft:oak_sapling":4,"minecraft:golden_sword":10,"minecraft:spider_eye":1,"minecraft:spruce_log":8,"minecraft:diamond_boots":6,"minecraft:birch_boat":1,"minecraft:bow":1,"minecraft:magma_cream":3},"minecraft:killed_by":{"minecraft:evoker":1,"minecraft:ravager":4,"minecraft:vindicator":12,"minecraft:vex":5,"minecraft:player":3},"minecraft:crafted":{"minecraft:grindstone":2,"minecraft:smooth_stone":3,"minecraft:oak_planks":528,"minecraft:blaze_powder":52,"minecraft:birch_boat":1,"minecraft:cooked_chicken":5,"minecraft:birch_slab":6,"minecraft:stone":12,"minecraft:diamond_shovel":1,"minecraft:bookshelf":10,"minecraft:shulker_box":5,"minecraft:cooked_mutton":11,"minecraft:warped_planks":32,"minecraft:diamond_helmet":3,"minecraft:diamond_leggings":2,"minecraft:iron_boots":11,"minecraft:chest":8,"minecraft:oak_button":3,"minecraft:golden_sword":2,"minecraft:golden_boots":1,"minecraft:arrow":128,"minecraft:emerald":707,"minecraft:cooked_porkchop":27,"minecraft:diamond_axe":2,"minecraft:crafting_table":5,"minecraft:spruce_planks":9612,"minecraft:wooden_pickaxe":1,"minecraft:iron_helmet":1,"minecraft:chainmail_chestplate":12,"minecraft:birch_planks":16,"minecraft:apple":56,"minecraft:lectern":4,"minecraft:iron_chestplate":1,"minecraft:book":21,"minecraft:wooden_hoe":1,"minecraft:paper":276,"minecraft:diamond_pickaxe":3,"minecraft:shield":7,"minecraft:stick":19820,"minecraft:stone_slab":12,"minecraft:iron_pickaxe":2,"minecraft:iron_ingot":79,"minecraft:iron_block":3,"minecraft:stone_sword":1,"minecraft:gold_ingot":301,"minecraft:netherite_ingot":1,"minecraft:shears":14,"minecraft:golden_carrot":69,"minecraft:diamond_hoe":4,"minecraft:spruce_button":1,"minecraft:furnace":2,"minecraft:blast_furnace":1,"minecraft:bone_meal":186,"minecraft:flint_and_steel":1,"minecraft:iron_axe":1,"minecraft:spruce_slab":42,"minecraft:stone_pickaxe":1,"minecraft:diamond_boots":4,"minecraft:netherite_scrap":2,"minecraft:dark_oak_planks":72,"minecraft:golden_helmet":1,"minecraft:chainmail_leggings":12,"minecraft:cooked_beef":24,"minecraft:sugar":53,"minecraft:crossbow":2,"minecraft:netherite_pickaxe":1,"minecraft:diamond_sword":3,"minecraft:iron_sword":1,"minecraft:bucket":2,"minecraft:stone_axe":1,"minecraft:enchanted_book":34,"minecraft:air":0,"minecraft:bread":372,"minecraft:golden_apple":27,"minecraft:iron_shovel":1,"minecraft:iron_leggings":1,"minecraft:anvil":1,"minecraft:white_bed":1,"minecraft:torch":88,"minecraft:diamond_chestplate":4,"minecraft:firework_rocket":18},"minecraft:custom":{"minecraft:interact_with_crafting_table":90,"minecraft:open_shulker_box":119,"minecraft:bell_ring":13,"minecraft:leave_game":59,"minecraft:time_since_death":377999,"minecraft:sprint_one_cm":2701966,"minecraft:damage_blocked_by_shield":6549,"minecraft:drop":701,"minecraft:talked_to_villager":549,"minecraft:play_time":1111728,"minecraft:deaths":27,"minecraft:jump":26390,"minecraft:interact_with_brewingstand":3,"minecraft:walk_on_water_one_cm":104875,"minecraft:interact_with_furnace":178,"minecraft:traded_with_villager":899,"minecraft:sleep_in_bed":29,"minecraft:open_enderchest":10,"minecraft:damage_dealt":99605,"minecraft:player_kills":3,"minecraft:crouch_one_cm":133304,"minecraft:interact_with_smithing_table":2,"minecraft:inspect_dispenser":3,"minecraft:horse_one_cm":15346,"minecraft:interact_with_anvil":42,"minecraft:mob_kills":423,"minecraft:climb_one_cm":15374,"minecraft:walk_one_cm":2136877,"minecraft:raid_win":6,"minecraft:sneak_time":42698,"minecraft:walk_under_water_one_cm":38136,"minecraft:boat_one_cm":17715,"minecraft:total_world_time":1111728,"minecraft:raid_trigger":4,"minecraft:interact_with_grindstone":4,"minecraft:time_since_rest":45694,"minecraft:damage_absorbed":732,"minecraft:damage_taken":30942,"minecraft:swim_one_cm":176399,"minecraft:fly_one_cm":6338795,"minecraft:open_chest":404,"minecraft:aviate_one_cm":2546921,"minecraft:fall_one_cm":681458},"minecraft:mined":{"minecraft:dragon_wall_head":1,"minecraft:white_bed":5,"minecraft:spruce_planks":36,"minecraft:obsidian":22,"minecraft:chiseled_polished_blackstone":4,"minecraft:grass_block":72,"minecraft:cracked_polished_blackstone_bricks":4,"minecraft:deepslate_bricks":36,"minecraft:purpur_slab":1,"minecraft:composter":1,"minecraft:nether_wart":27,"minecraft:spawner":1,"minecraft:polished_blackstone_bricks":4,"minecraft:weeping_vines_plant":2,"minecraft:magma_block":3981,"minecraft:iron_ore":24,"minecraft:fire":24,"minecraft:cobbled_deepslate":26,"minecraft:nether_brick_stairs":2,"minecraft:dirt_path":11,"minecraft:oak_stairs":1,"minecraft:blackstone":13,"minecraft:crimson_nylium":33,"minecraft:torch":1,"minecraft:chest":3,"minecraft:nether_quartz_ore":318,"minecraft:cobblestone":35,"minecraft:oak_planks":28,"minecraft:sugar_cane":157,"minecraft:wall_torch":3,"minecraft:warped_nylium":11,"minecraft:nether_wart_block":1,"minecraft:birch_log":4,"minecraft:stripped_oak_wood":1,"minecraft:warped_fungus":1,"minecraft:purpur_block":1,"minecraft:grass":136,"minecraft:oak_log":113,"minecraft:dirt":113,"minecraft:deepslate":75,"minecraft:ancient_debris":1,"minecraft:netherrack":3224,"minecraft:oak_leaves":1896,"minecraft:nether_gold_ore":11,"minecraft:tuff":4,"minecraft:deepslate_diamond_ore":24,"minecraft:end_stone":761,"minecraft:shulker_box":43,"minecraft:nether_bricks":54,"minecraft:crimson_roots":6,"minecraft:weeping_vines":1,"minecraft:spruce_leaves":1254,"minecraft:spruce_sapling":11,"minecraft:furnace":7,"minecraft:carrots":17,"minecraft:nether_sprouts":3,"minecraft:andesite":1,"minecraft:stripped_spruce_log":1,"minecraft:peony":4,"minecraft:gold_block":22,"minecraft:bell":2,"minecraft:nether_brick_fence":10,"minecraft:bookshelf":6,"minecraft:deepslate_iron_ore":2,"minecraft:rail":6,"minecraft:warped_stem":6,"minecraft:stripped_oak_log":12,"minecraft:chorus_plant":2,"minecraft:stone":29,"minecraft:redstone_wall_torch":1,"minecraft:podzol":1,"minecraft:oak_slab":1,"minecraft:soul_sand":20,"minecraft:basalt":2,"minecraft:dandelion":2,"minecraft:oak_fence":21,"minecraft:crafting_table":17,"minecraft:warped_roots":2,"minecraft:lectern":155,"minecraft:stone_slab":2,"minecraft:purpur_pillar":2,"minecraft:tall_grass":24,"minecraft:deepslate_coal_ore":4,"minecraft:diorite":3,"minecraft:warped_wart_block":1,"minecraft:spruce_log":2310,"minecraft:birch_leaves":66,"minecraft:yellow_bed":2,"minecraft:coal_ore":10,"minecraft:gravel":99,"minecraft:chipped_anvil":1},"minecraft:killed":{"minecraft:zombified_piglin":3,"minecraft:witch":5,"minecraft:spider":11,"minecraft:shulker":15,"minecraft:skeleton":14,"minecraft:chicken":3,"minecraft:piglin_brute":4,"minecraft:magma_cube":7,"minecraft:piglin":30,"minecraft:pig":5,"minecraft:zombie_villager":1,"minecraft:creeper":12,"minecraft:sheep":10,"minecraft:trader_llama":6,"minecraft:pillager":122,"minecraft:zombie":49,"minecraft:ghast":2,"minecraft:glow_squid":3,"minecraft:blaze":10,"minecraft:cow":10,"minecraft:evoker":5,"minecraft:vex":2,"minecraft:vindicator":17,"minecraft:phantom":1,"minecraft:horse":6,"minecraft:wandering_trader":2,"minecraft:ravager":3,"minecraft:hoglin":8,"minecraft:wither_skeleton":1,"minecraft:villager":2,"minecraft:enderman":45}},"DataVersion":3465}