{"stats":{"minecraft:picked_up":{"minecraft:iron_chestplate":5,"minecraft:stone_slab":23,"minecraft:lead":1,"minecraft:diamond_sword":8,"minecraft:oak_stairs":1,"minecraft:golden_sword":1,"minecraft:amethyst_block":3,"minecraft:string":4,"minecraft:iron_leggings":4,"minecraft:diamond_leggings":3,"minecraft:cobbled_deepslate":93,"minecraft:spruce_planks":674,"minecraft:redstone_torch":3,"minecraft:calcite":2,"minecraft:iron_pickaxe":3,"minecraft:furnace":7,"minecraft:iron_boots":3,"minecraft:stick":103,"minecraft:composter":1,"minecraft:oak_fence":22,"minecraft:torch":4,"minecraft:porkchop":18,"minecraft:golden_axe":1,"minecraft:diorite":4,"minecraft:stone_sword":1,"minecraft:rotten_flesh":36,"minecraft:obsidian":11,"minecraft:cobblestone":69,"minecraft:birch_log":4,"minecraft:cooked_beef":10,"minecraft:feather":2,"minecraft:water_bucket":3,"minecraft:andesite":2,"minecraft:potato":1,"minecraft:flint":2,"minecraft:tuff":4,"minecraft:dirt":427,"minecraft:name_tag":6,"minecraft:twisting_vines":1,"minecraft:bone":30,"minecraft:bow":1,"minecraft:wheat_seeds":34,"minecraft:diamond_helmet":6,"minecraft:glowstone_dust":12,"minecraft:oak_planks":122,"minecraft:cooked_porkchop":10,"minecraft:ink_sac":6,"minecraft:iron_hoe":1,"minecraft:sugar":22,"minecraft:diamond":51,"minecraft:cracked_polished_blackstone_bricks":1,"minecraft:crossbow":16,"minecraft:bone_meal":92,"minecraft:spruce_button":3,"minecraft:emerald":151,"minecraft:bread":157,"minecraft:oak_sapling":4,"minecraft:diamond_pickaxe":11,"minecraft:crafting_table":22,"minecraft:chicken":3,"minecraft:golden_pickaxe":1,"minecraft:gold_block":18,"minecraft:shield":6,"minecraft:iron_axe":8,"minecraft:iron_shovel":2,"minecraft:blackstone":9,"minecraft:beef":18,"minecraft:iron_nugget":3,"minecraft:poppy":4,"minecraft:minecart":2,"minecraft:lectern":139,"minecraft:sugar_cane":807,"minecraft:egg":11,"minecraft:raw_iron":54,"minecraft:polished_blackstone_bricks":11,"minecraft:carrot":64,"minecraft:redstone":11,"minecraft:iron_horse_armor":2,"minecraft:cooked_cod":3,"minecraft:arrow":12,"minecraft:diamond_chestplate":10,"minecraft:deepslate_bricks":15,"minecraft:diamond_boots":4,"minecraft:saddle":10,"minecraft:totem_of_undying":9,"minecraft:mutton":10,"minecraft:rail":1,"minecraft:white_wool":10,"minecraft:stripped_oak_log":12,"minecraft:glow_ink_sac":17,"minecraft:leather":41,"minecraft:birch_planks":10,"minecraft:oak_log":105,"minecraft:gunpowder":9,"minecraft:paper":24,"minecraft:white_banner":9,"minecraft:cooked_mutton":9,"minecraft:apple":1,"minecraft:warped_stem":8,"minecraft:iron_ingot":15,"minecraft:stone_pickaxe":1,"minecraft:stripped_oak_wood":1,"minecraft:iron_sword":5,"minecraft:book":9,"minecraft:oak_slab":1,"minecraft:smooth_basalt":2,"minecraft:birch_boat":4,"minecraft:dandelion":2,"minecraft:gravel":1,"minecraft:lava_bucket":1,"minecraft:spruce_sapling":218,"minecraft:white_bed":3,"minecraft:spruce_log":527,"minecraft:spider_eye":1,"minecraft:stone_axe":1,"minecraft:iron_helmet":2,"minecraft:diamond_axe":4,"minecraft:warped_nylium":2,"minecraft:coal":59,"minecraft:ender_pearl":15},"minecraft:broken":{"minecraft:shield":1,"minecraft:iron_axe":1,"minecraft:iron_helmet":1},"minecraft:used":{"minecraft:iron_shovel":56,"minecraft:shield":87,"minecraft:iron_sword":29,"minecraft:iron_chestplate":1,"minecraft:carrot":64,"minecraft:tuff":4,"minecraft:obsidian":11,"minecraft:lava_bucket":5,"minecraft:furnace":6,"minecraft:cooked_cod":3,"minecraft:golden_boots":1,"minecraft:diorite":2,"minecraft:diamond_boots":3,"minecraft:stone_pickaxe":17,"minecraft:oak_planks":162,"minecraft:ender_pearl":8,"minecraft:wooden_pickaxe":12,"minecraft:composter":1,"minecraft:diamond_axe":679,"minecraft:blast_furnace":1,"minecraft:crossbow":1,"minecraft:redstone_torch":2,"minecraft:bread":81,"minecraft:lectern":139,"minecraft:gravel":1,"minecraft:diamond_sword":379,"minecraft:stripped_oak_wood":1,"minecraft:grindstone":1,"minecraft:golden_pickaxe":5,"minecraft:bone_meal":70,"minecraft:experience_bottle":2,"minecraft:stone_sword":52,"minecraft:flint_and_steel":1,"minecraft:spruce_planks":87,"minecraft:cooked_chicken":7,"minecraft:dirt":335,"minecraft:diamond_helmet":2,"minecraft:golden_chestplate":1,"minecraft:dark_oak_planks":3,"minecraft:bookshelf":3,"minecraft:iron_axe":245,"minecraft:iron_boots":1,"minecraft:totem_of_undying":3,"minecraft:diamond_chestplate":4,"minecraft:golden_carrot":1,"minecraft:cooked_beef":17,"minecraft:cobbled_deepslate":118,"minecraft:iron_leggings":1,"minecraft:cooked_mutton":2,"minecraft:water_bucket":29,"minecraft:birch_boat":1,"minecraft:deepslate_bricks":5,"minecraft:polished_blackstone_bricks":5,"minecraft:oak_slab":1,"minecraft:crafting_table":14,"minecraft:white_bed":2,"minecraft:spruce_log":3,"minecraft:warped_planks":16,"minecraft:wooden_hoe":3,"minecraft:diamond_pickaxe":227,"minecraft:diamond_shovel":148,"minecraft:iron_pickaxe":72,"minecraft:spruce_sapling":25,"minecraft:stone_axe":16,"minecraft:cobblestone":61,"minecraft:porkchop":2,"minecraft:cooked_porkchop":21,"minecraft:bucket":36,"minecraft:diamond_leggings":1},"minecraft:dropped":{"minecraft:iron_sword":3,"minecraft:diamond_axe":1,"minecraft:cooked_beef":1,"minecraft:ender_pearl":4,"minecraft:diamond":31,"minecraft:cooked_porkchop":1,"minecraft:crossbow":1,"minecraft:leather":5,"minecraft:iron_horse_armor":1,"minecraft:birch_slab":6,"minecraft:emerald":7,"minecraft:cracked_polished_blackstone_bricks":1,"minecraft:dirt":1,"minecraft:sugar":6,"minecraft:iron_pickaxe":1,"minecraft:white_wool":7,"minecraft:golden_chestplate":1,"minecraft:cobbled_deepslate":3,"minecraft:rotten_flesh":3,"minecraft:oak_planks":62,"minecraft:glowstone_dust":2,"minecraft:poppy":3,"minecraft:arrow":1,"minecraft:lectern":1,"minecraft:egg":2,"minecraft:enchanted_book":1,"minecraft:water_bucket":1,"minecraft:golden_boots":1,"minecraft:iron_ingot":64,"minecraft:bread":63,"minecraft:wheat_seeds":4,"minecraft:golden_helmet":1,"minecraft:golden_axe":1,"minecraft:cobblestone":1,"minecraft:book":2,"minecraft:apple":1,"minecraft:stick":50,"minecraft:lava_bucket":1,"minecraft:torch":92,"minecraft:wooden_hoe":1,"minecraft:diamond_helmet":1,"minecraft:iron_leggings":1,"minecraft:white_banner":4,"minecraft:iron_axe":4,"minecraft:string":3,"minecraft:spruce_sapling":52,"minecraft:dandelion":1,"minecraft:diamond_hoe":1,"minecraft:raw_iron":10,"minecraft:iron_hoe":1,"minecraft:stone_slab":2,"minecraft:deepslate_bricks":1,"minecraft:diamond_sword":1,"minecraft:potato":1,"minecraft:shield":4,"minecraft:diamond_chestplate":5,"minecraft:spruce_planks":2,"minecraft:iron_chestplate":2,"minecraft:diamond_pickaxe":5,"minecraft:oak_sapling":3,"minecraft:golden_sword":1,"minecraft:spider_eye":1,"minecraft:diamond_boots":3,"minecraft:birch_boat":1},"minecraft:killed_by":{"minecraft:ravager":4,"minecraft:vindicator":3,"minecraft:vex":4,"minecraft:player":3},"minecraft:crafted":{"minecraft:grindstone":1,"minecraft:oak_planks":492,"minecraft:smooth_stone":3,"minecraft:cooked_chicken":5,"minecraft:birch_boat":1,"minecraft:birch_slab":6,"minecraft:stone":6,"minecraft:diamond_shovel":1,"minecraft:bookshelf":7,"minecraft:cooked_mutton":11,"minecraft:warped_planks":32,"minecraft:diamond_helmet":1,"minecraft:diamond_leggings":1,"minecraft:iron_boots":11,"minecraft:golden_boots":1,"minecraft:emerald":167,"minecraft:cooked_porkchop":18,"minecraft:diamond_axe":2,"minecraft:crafting_table":2,"minecraft:spruce_planks":2308,"minecraft:wooden_pickaxe":1,"minecraft:iron_helmet":1,"minecraft:chainmail_chestplate":12,"minecraft:birch_planks":16,"minecraft:lectern":4,"minecraft:wooden_hoe":1,"minecraft:iron_chestplate":1,"minecraft:book":21,"minecraft:paper":108,"minecraft:diamond_pickaxe":1,"minecraft:shield":4,"minecraft:stick":5044,"minecraft:stone_slab":6,"minecraft:iron_ingot":33,"minecraft:iron_pickaxe":1,"minecraft:stone_sword":1,"minecraft:gold_ingot":12,"minecraft:diamond_hoe":1,"minecraft:spruce_button":1,"minecraft:furnace":1,"minecraft:blast_furnace":1,"minecraft:bone_meal":63,"minecraft:flint_and_steel":1,"minecraft:iron_axe":1,"minecraft:spruce_slab":18,"minecraft:stone_pickaxe":1,"minecraft:diamond_boots":3,"minecraft:dark_oak_planks":72,"minecraft:golden_helmet":1,"minecraft:chainmail_leggings":12,"minecraft:cooked_beef":24,"minecraft:crossbow":2,"minecraft:diamond_sword":1,"minecraft:iron_sword":1,"minecraft:bucket":2,"minecraft:stone_axe":1,"minecraft:enchanted_book":4,"minecraft:bread":144,"minecraft:air":0,"minecraft:iron_shovel":1,"minecraft:iron_leggings":1,"minecraft:white_bed":1,"minecraft:torch":88,"minecraft:diamond_chestplate":3},"minecraft:custom":{"minecraft:interact_with_crafting_table":53,"minecraft:leave_game":24,"minecraft:time_since_death":98014,"minecraft:sprint_one_cm":970940,"minecraft:damage_blocked_by_shield":3669,"minecraft:drop":138,"minecraft:talked_to_villager":281,"minecraft:play_time":373304,"minecraft:deaths":14,"minecraft:jump":9285,"minecraft:walk_on_water_one_cm":80906,"minecraft:interact_with_furnace":131,"minecraft:traded_with_villager":236,"minecraft:sleep_in_bed":15,"minecraft:damage_dealt":32149,"minecraft:player_kills":3,"minecraft:crouch_one_cm":15841,"minecraft:inspect_dispenser":3,"minecraft:horse_one_cm":15346,"minecraft:mob_kills":161,"minecraft:interact_with_anvil":3,"minecraft:climb_one_cm":2324,"minecraft:walk_one_cm":729390,"minecraft:raid_win":2,"minecraft:sneak_time":5820,"minecraft:walk_under_water_one_cm":22125,"minecraft:boat_one_cm":10440,"minecraft:total_world_time":373304,"minecraft:raid_trigger":1,"minecraft:interact_with_grindstone":1,"minecraft:time_since_rest":95342,"minecraft:damage_taken":11121,"minecraft:damage_absorbed":126,"minecraft:swim_one_cm":70959,"minecraft:fly_one_cm":1852735,"minecraft:open_chest":140,"minecraft:fall_one_cm":217014},"minecraft:mined":{"minecraft:spruce_planks":35,"minecraft:white_bed":3,"minecraft:obsidian":12,"minecraft:chiseled_polished_blackstone":4,"minecraft:grass_block":69,"minecraft:cracked_polished_blackstone_bricks":4,"minecraft:deepslate_bricks":6,"minecraft:composter":1,"minecraft:spawner":1,"minecraft:polished_blackstone_bricks":4,"minecraft:fire":1,"minecraft:iron_ore":24,"minecraft:cobbled_deepslate":26,"minecraft:dirt_path":11,"minecraft:oak_stairs":1,"minecraft:blackstone":4,"minecraft:chest":1,"minecraft:cobblestone":27,"minecraft:sugar_cane":66,"minecraft:oak_planks":24,"minecraft:birch_log":4,"minecraft:stripped_oak_wood":1,"minecraft:grass":78,"minecraft:oak_log":106,"minecraft:dirt":85,"minecraft:netherrack":23,"minecraft:oak_leaves":8,"minecraft:deepslate":75,"minecraft:tuff":4,"minecraft:deepslate_diamond_ore":24,"minecraft:spruce_leaves":18,"minecraft:spruce_sapling":8,"minecraft:furnace":6,"minecraft:carrots":17,"minecraft:andesite":1,"minecraft:gold_block":19,"minecraft:bookshelf":3,"minecraft:deepslate_iron_ore":2,"minecraft:rail":1,"minecraft:warped_stem":6,"minecraft:stripped_oak_log":12,"minecraft:stone":28,"minecraft:redstone_wall_torch":1,"minecraft:podzol":1,"minecraft:oak_slab":1,"minecraft:basalt":2,"minecraft:dandelion":1,"minecraft:oak_fence":21,"minecraft:crafting_table":13,"minecraft:lectern":137,"minecraft:stone_slab":1,"minecraft:tall_grass":15,"minecraft:deepslate_coal_ore":4,"minecraft:diorite":3,"minecraft:spruce_log":513,"minecraft:coal_ore":10,"minecraft:gravel":6},"minecraft:killed":{"minecraft:zombified_piglin":1,"minecraft:witch":4,"minecraft:spider":7,"minecraft:skeleton":10,"minecraft:chicken":3,"minecraft:piglin_brute":3,"minecraft:piglin":4,"minecraft:pig":5,"minecraft:creeper":3,"minecraft:sheep":10,"minecraft:trader_llama":2,"minecraft:pillager":32,"minecraft:zombie":37,"minecraft:glow_squid":3,"minecraft:cow":10,"minecraft:evoker":2,"minecraft:vindicator":10,"minecraft:horse":3,"minecraft:ravager":1,"minecraft:enderman":6}},"DataVersion":3465}