{"stats":{"minecraft:crafted":{"minecraft:cooked_beef":6,"minecraft:oak_planks":16,"minecraft:cooked_porkchop":4,"minecraft:crafting_table":1,"minecraft:stick":8,"minecraft:iron_pickaxe":1,"minecraft:iron_ingot":5,"minecraft:wooden_pickaxe":1,"minecraft:stone_pickaxe":1,"minecraft:stone_sword":1,"minecraft:furnace":1,"minecraft:stone_axe":1,"minecraft:air":0},"minecraft:custom":{"minecraft:time_since_rest":17748,"minecraft:interact_with_furnace":16,"minecraft:sprint_one_cm":52534,"minecraft:damage_taken":65,"minecraft:walk_one_cm":23536,"minecraft:mob_kills":7,"minecraft:damage_dealt":715,"minecraft:swim_one_cm":25115,"minecraft:interact_with_crafting_table":7,"minecraft:fly_one_cm":67367,"minecraft:open_chest":2,"minecraft:crouch_one_cm":403,"minecraft:play_time":17748,"minecraft:sneak_time":161,"minecraft:walk_under_water_one_cm":871,"minecraft:jump":444,"minecraft:leave_game":1,"minecraft:time_since_death":17748,"minecraft:walk_on_water_one_cm":10786,"minecraft:total_world_time":17748,"minecraft:climb_one_cm":659,"minecraft:fall_one_cm":14713},"minecraft:used":{"minecraft:stone_sword":16,"minecraft:stone_pickaxe":17,"minecraft:iron_pickaxe":1,"minecraft:wooden_pickaxe":12,"minecraft:stone_axe":5,"minecraft:dirt":6,"minecraft:crafting_table":4,"minecraft:furnace":1,"minecraft:golden_chestplate":1,"minecraft:cooked_beef":3},"minecraft:killed":{"minecraft:pig":3,"minecraft:chicken":2,"minecraft:cow":2},"minecraft:picked_up":{"minecraft:stick":2,"minecraft:crafting_table":4,"minecraft:chicken":2,"minecraft:leather":1,"minecraft:gold_block":1,"minecraft:porkchop":4,"minecraft:oak_log":4,"minecraft:dirt":6,"minecraft:beef":6,"minecraft:oak_sapling":1,"minecraft:coal":8,"minecraft:cobblestone":19,"minecraft:furnace":1},"minecraft:mined":{"minecraft:furnace":1,"minecraft:birch_log":1,"minecraft:gold_block":1,"minecraft:crafting_table":4,"minecraft:oak_log":4,"minecraft:grass_block":5,"minecraft:coal_ore":5,"minecraft:dirt":1,"minecraft:stone":19,"minecraft:oak_leaves":6}},"DataVersion":3465}