{"stats":{"minecraft:crafted":{"minecraft:cooked_beef":15,"minecraft:oak_planks":16,"minecraft:cooked_porkchop":8,"minecraft:shield":1,"minecraft:crafting_table":1,"minecraft:stick":8,"minecraft:iron_pickaxe":1,"minecraft:iron_ingot":5,"minecraft:wooden_pickaxe":1,"minecraft:stone_pickaxe":1,"minecraft:stone_sword":1,"minecraft:gold_ingot":9,"minecraft:furnace":1,"minecraft:birch_planks":16,"minecraft:stone_axe":1,"minecraft:golden_helmet":1,"minecraft:golden_boots":1,"minecraft:cooked_mutton":10,"minecraft:air":0},"minecraft:custom":{"minecraft:time_since_rest":29519,"minecraft:interact_with_furnace":22,"minecraft:sprint_one_cm":87569,"minecraft:damage_taken":407,"minecraft:walk_one_cm":31494,"minecraft:damage_blocked_by_shield":1140,"minecraft:mob_kills":23,"minecraft:damage_dealt":2325,"minecraft:swim_one_cm":30741,"minecraft:interact_with_crafting_table":9,"minecraft:fly_one_cm":88901,"minecraft:open_chest":4,"minecraft:crouch_one_cm":403,"minecraft:play_time":29519,"minecraft:sneak_time":180,"minecraft:walk_under_water_one_cm":1160,"minecraft:jump":559,"minecraft:leave_game":2,"minecraft:time_since_death":29519,"minecraft:walk_on_water_one_cm":12058,"minecraft:total_world_time":29519,"minecraft:climb_one_cm":659,"minecraft:fall_one_cm":15758},"minecraft:used":{"minecraft:stone_sword":50,"minecraft:stone_pickaxe":17,"minecraft:iron_pickaxe":2,"minecraft:shield":26,"minecraft:wooden_pickaxe":12,"minecraft:stone_axe":15,"minecraft:dirt":6,"minecraft:crafting_table":6,"minecraft:furnace":2,"minecraft:golden_chestplate":1,"minecraft:cooked_beef":6,"minecraft:golden_boots":1},"minecraft:killed":{"minecraft:sheep":7,"minecraft:zombie":2,"minecraft:pig":5,"minecraft:chicken":2,"minecraft:cow":7},"minecraft:picked_up":{"minecraft:birch_log":4,"minecraft:stick":2,"minecraft:crafting_table":6,"minecraft:chicken":2,"minecraft:leather":5,"minecraft:gold_block":1,"minecraft:porkchop":8,"minecraft:oak_log":4,"minecraft:ink_sac":3,"minecraft:dirt":22,"minecraft:rotten_flesh":1,"minecraft:beef":15,"minecraft:oak_sapling":1,"minecraft:mutton":10,"minecraft:coal":8,"minecraft:white_wool":7,"minecraft:cobblestone":19,"minecraft:furnace":2},"minecraft:mined":{"minecraft:furnace":2,"minecraft:birch_log":4,"minecraft:gold_block":1,"minecraft:crafting_table":6,"minecraft:grass":2,"minecraft:oak_log":4,"minecraft:grass_block":5,"minecraft:coal_ore":5,"minecraft:dirt":1,"minecraft:stone":19,"minecraft:oak_leaves":6}},"DataVersion":3465}