{"stats":{"minecraft:picked_up":{"minecraft:iron_chestplate":5,"minecraft:nether_brick_fence":14,"minecraft:stone_slab":23,"minecraft:lead":1,"minecraft:diamond_sword":10,"minecraft:oak_stairs":1,"minecraft:potion":2,"minecraft:enchanted_book":7,"minecraft:nether_brick":27,"minecraft:golden_sword":3,"minecraft:amethyst_block":3,"minecraft:string":101,"minecraft:iron_leggings":4,"minecraft:diamond_leggings":9,"minecraft:cobbled_deepslate":93,"minecraft:spruce_planks":674,"minecraft:redstone_torch":3,"minecraft:calcite":2,"minecraft:iron_pickaxe":3,"minecraft:iron_boots":5,"minecraft:furnace":9,"minecraft:stick":165,"minecraft:composter":1,"minecraft:oak_fence":22,"minecraft:torch":8,"minecraft:porkchop":38,"minecraft:golden_axe":1,"minecraft:diorite":4,"minecraft:stone_sword":1,"minecraft:rotten_flesh":53,"minecraft:blaze_rod":27,"minecraft:obsidian":15,"minecraft:cobblestone":74,"minecraft:birch_log":4,"minecraft:feather":2,"minecraft:cooked_beef":10,"minecraft:water_bucket":3,"minecraft:andesite":2,"minecraft:potato":1,"minecraft:flint":10,"minecraft:tuff":4,"minecraft:wither_skeleton_skull":2,"minecraft:dirt":445,"minecraft:name_tag":6,"minecraft:twisting_vines":5,"minecraft:bone":32,"minecraft:bow":2,"minecraft:wheat_seeds":36,"minecraft:diamond_helmet":6,"minecraft:glowstone_dust":12,"minecraft:oak_planks":122,"minecraft:ghast_tear":2,"minecraft:chiseled_polished_blackstone":4,"minecraft:cooked_porkchop":24,"minecraft:stripped_spruce_log":1,"minecraft:ink_sac":6,"minecraft:spectral_arrow":22,"minecraft:iron_hoe":1,"minecraft:sugar":22,"minecraft:diamond":51,"minecraft:cracked_polished_blackstone_bricks":1,"minecraft:crossbow":18,"minecraft:bone_meal":92,"minecraft:golden_apple":4,"minecraft:spruce_button":3,"minecraft:emerald":163,"minecraft:bread":158,"minecraft:oak_sapling":4,"minecraft:netherrack":226,"minecraft:crimson_roots":27,"minecraft:diamond_pickaxe":11,"minecraft:crafting_table":22,"minecraft:chicken":3,"minecraft:nether_wart":32,"minecraft:golden_pickaxe":1,"minecraft:gold_block":21,"minecraft:shield":6,"minecraft:iron_axe":10,"minecraft:iron_shovel":2,"minecraft:blackstone":94,"minecraft:beef":18,"minecraft:iron_nugget":184,"minecraft:poppy":4,"minecraft:minecart":2,"minecraft:lectern":158,"minecraft:sugar_cane":807,"minecraft:chest":4,"minecraft:egg":11,"minecraft:raw_iron":54,"minecraft:fire_charge":5,"minecraft:polished_blackstone_bricks":17,"minecraft:carrot":64,"minecraft:redstone":11,"minecraft:iron_horse_armor":2,"minecraft:arrow":25,"minecraft:diamond_chestplate":10,"minecraft:cooked_cod":3,"minecraft:nether_bricks":10,"minecraft:deepslate_bricks":53,"minecraft:diamond_boots":4,"minecraft:totem_of_undying":9,"minecraft:saddle":10,"minecraft:gold_ingot":56,"minecraft:mutton":10,"minecraft:rail":5,"minecraft:white_wool":10,"minecraft:stripped_oak_log":12,"minecraft:golden_carrot":8,"minecraft:glow_ink_sac":17,"minecraft:leather":73,"minecraft:birch_planks":10,"minecraft:oak_log":105,"minecraft:ancient_debris":1,"minecraft:golden_boots":1,"minecraft:nether_wart_block":4,"minecraft:gunpowder":15,"minecraft:paper":24,"minecraft:white_banner":9,"minecraft:cooked_mutton":9,"minecraft:apple":1,"minecraft:warped_stem":8,"minecraft:iron_ingot":21,"minecraft:stone_pickaxe":1,"minecraft:stripped_oak_wood":1,"minecraft:iron_sword":5,"minecraft:soul_sand":58,"minecraft:book":18,"minecraft:oak_slab":1,"minecraft:smooth_basalt":2,"minecraft:birch_boat":4,"minecraft:quartz":91,"minecraft:dandelion":4,"minecraft:gravel":251,"minecraft:lava_bucket":1,"minecraft:spruce_sapling":275,"minecraft:white_bed":3,"minecraft:spruce_log":1604,"minecraft:crying_obsidian":12,"minecraft:spider_eye":1,"minecraft:stone_axe":1,"minecraft:iron_helmet":2,"minecraft:diamond_axe":9,"minecraft:warped_roots":26,"minecraft:warped_nylium":23,"minecraft:coal":64,"minecraft:ender_pearl":61},"minecraft:broken":{"minecraft:shield":1,"minecraft:iron_axe":1,"minecraft:iron_helmet":1},"minecraft:used":{"minecraft:iron_shovel":56,"minecraft:chest":4,"minecraft:shield":124,"minecraft:iron_sword":29,"minecraft:rotten_flesh":4,"minecraft:iron_chestplate":1,"minecraft:soul_sand":36,"minecraft:nether_bricks":5,"minecraft:carrot":64,"minecraft:tuff":4,"minecraft:obsidian":11,"minecraft:lava_bucket":15,"minecraft:bow":1,"minecraft:furnace":7,"minecraft:cooked_cod":3,"minecraft:golden_boots":1,"minecraft:diorite":2,"minecraft:diamond_boots":3,"minecraft:oak_planks":162,"minecraft:stone_pickaxe":17,"minecraft:ender_pearl":38,"minecraft:blackstone":10,"minecraft:wooden_pickaxe":12,"minecraft:composter":1,"minecraft:diamond_axe":1721,"minecraft:golden_apple":3,"minecraft:blast_furnace":1,"minecraft:crossbow":1,"minecraft:redstone_torch":2,"minecraft:bread":128,"minecraft:lectern":158,"minecraft:gravel":54,"minecraft:diamond_sword":621,"minecraft:stripped_oak_wood":1,"minecraft:grindstone":1,"minecraft:golden_pickaxe":5,"minecraft:bone_meal":97,"minecraft:experience_bottle":2,"minecraft:stone_sword":52,"minecraft:flint_and_steel":1,"minecraft:spruce_planks":87,"minecraft:cooked_chicken":7,"minecraft:netherrack":165,"minecraft:torch":1,"minecraft:dirt":336,"minecraft:diamond_helmet":2,"minecraft:golden_chestplate":1,"minecraft:dark_oak_planks":3,"minecraft:bookshelf":6,"minecraft:iron_axe":336,"minecraft:iron_boots":1,"minecraft:totem_of_undying":3,"minecraft:diamond_chestplate":4,"minecraft:golden_carrot":13,"minecraft:cooked_beef":17,"minecraft:cobbled_deepslate":118,"minecraft:iron_leggings":1,"minecraft:cooked_mutton":2,"minecraft:water_bucket":30,"minecraft:birch_boat":1,"minecraft:deepslate_bricks":39,"minecraft:polished_blackstone_bricks":11,"minecraft:oak_slab":1,"minecraft:crafting_table":15,"minecraft:white_bed":2,"minecraft:spruce_log":9,"minecraft:warped_planks":21,"minecraft:wooden_hoe":3,"minecraft:diamond_pickaxe":1097,"minecraft:apple":10,"minecraft:diamond_shovel":260,"minecraft:iron_pickaxe":72,"minecraft:spruce_sapling":91,"minecraft:stone_axe":16,"minecraft:cobblestone":65,"minecraft:potion":2,"minecraft:porkchop":12,"minecraft:cooked_porkchop":37,"minecraft:bucket":47,"minecraft:diamond_leggings":1},"minecraft:dropped":{"minecraft:iron_sword":3,"minecraft:soul_sand":22,"minecraft:porkchop":3,"minecraft:diamond_axe":6,"minecraft:cooked_beef":1,"minecraft:ender_pearl":15,"minecraft:glass_bottle":2,"minecraft:diamond":34,"minecraft:cooked_porkchop":9,"minecraft:crossbow":3,"minecraft:warped_roots":26,"minecraft:leather":41,"minecraft:iron_horse_armor":1,"minecraft:saddle":2,"minecraft:rail":4,"minecraft:birch_slab":6,"minecraft:flint":8,"minecraft:emerald":8,"minecraft:cracked_polished_blackstone_bricks":1,"minecraft:dirt":5,"minecraft:crimson_roots":20,"minecraft:polished_blackstone_bricks":6,"minecraft:sugar":6,"minecraft:iron_pickaxe":2,"minecraft:white_wool":7,"minecraft:gold_ingot":120,"minecraft:bone":2,"minecraft:gravel":197,"minecraft:chiseled_polished_blackstone":4,"minecraft:blackstone":76,"minecraft:iron_nugget":38,"minecraft:golden_chestplate":1,"minecraft:cobbled_deepslate":3,"minecraft:nether_brick":27,"minecraft:twisting_vines":4,"minecraft:rotten_flesh":16,"minecraft:oak_planks":62,"minecraft:glowstone_dust":2,"minecraft:blaze_powder":52,"minecraft:nether_brick_fence":6,"minecraft:poppy":3,"minecraft:gunpowder":6,"minecraft:chest":3,"minecraft:spruce_slab":24,"minecraft:arrow":93,"minecraft:crying_obsidian":12,"minecraft:ghast_tear":2,"minecraft:quartz":31,"minecraft:netherrack":10,"minecraft:lectern":1,"minecraft:egg":2,"minecraft:enchanted_book":9,"minecraft:water_bucket":1,"minecraft:golden_boots":1,"minecraft:iron_ingot":70,"minecraft:bread":64,"minecraft:wheat_seeds":6,"minecraft:golden_helmet":1,"minecraft:diamond_leggings":6,"minecraft:golden_axe":1,"minecraft:cobblestone":2,"minecraft:book":2,"minecraft:spectral_arrow":22,"minecraft:apple":1,"minecraft:coal":5,"minecraft:golden_apple":4,"minecraft:stick":51,"minecraft:lava_bucket":2,"minecraft:golden_carrot":8,"minecraft:wooden_hoe":1,"minecraft:torch":94,"minecraft:nether_wart_block":4,"minecraft:diamond_helmet":1,"minecraft:fire_charge":5,"minecraft:iron_leggings":1,"minecraft:white_banner":4,"minecraft:iron_axe":6,"minecraft:string":100,"minecraft:spruce_sapling":54,"minecraft:dandelion":3,"minecraft:furnace":2,"minecraft:warped_nylium":23,"minecraft:blaze_rod":1,"minecraft:diamond_hoe":4,"minecraft:raw_iron":10,"minecraft:wither_skeleton_skull":1,"minecraft:iron_boots":1,"minecraft:iron_hoe":1,"minecraft:stone_slab":2,"minecraft:nether_bricks":5,"minecraft:deepslate_bricks":16,"minecraft:diamond_sword":4,"minecraft:potato":1,"minecraft:shield":4,"minecraft:diamond_chestplate":5,"minecraft:spruce_planks":2,"minecraft:iron_chestplate":2,"minecraft:diamond_pickaxe":6,"minecraft:oak_sapling":3,"minecraft:golden_sword":3,"minecraft:spider_eye":1,"minecraft:diamond_boots":3,"minecraft:birch_boat":1},"minecraft:killed_by":{"minecraft:ravager":4,"minecraft:vindicator":3,"minecraft:vex":4,"minecraft:player":3},"minecraft:crafted":{"minecraft:grindstone":1,"minecraft:smooth_stone":3,"minecraft:oak_planks":492,"minecraft:blaze_powder":52,"minecraft:cooked_chicken":5,"minecraft:birch_boat":1,"minecraft:birch_slab":6,"minecraft:stone":6,"minecraft:diamond_shovel":1,"minecraft:bookshelf":10,"minecraft:cooked_mutton":11,"minecraft:warped_planks":32,"minecraft:diamond_helmet":1,"minecraft:diamond_leggings":1,"minecraft:iron_boots":11,"minecraft:chest":3,"minecraft:golden_boots":1,"minecraft:emerald":417,"minecraft:arrow":128,"minecraft:cooked_porkchop":27,"minecraft:diamond_axe":2,"minecraft:crafting_table":2,"minecraft:spruce_planks":6212,"minecraft:wooden_pickaxe":1,"minecraft:iron_helmet":1,"minecraft:chainmail_chestplate":12,"minecraft:birch_planks":16,"minecraft:apple":56,"minecraft:lectern":4,"minecraft:iron_chestplate":1,"minecraft:book":21,"minecraft:wooden_hoe":1,"minecraft:paper":108,"minecraft:diamond_pickaxe":2,"minecraft:shield":4,"minecraft:stick":12780,"minecraft:stone_slab":6,"minecraft:iron_ingot":33,"minecraft:iron_pickaxe":2,"minecraft:stone_sword":1,"minecraft:gold_ingot":301,"minecraft:diamond_hoe":4,"minecraft:spruce_button":1,"minecraft:furnace":2,"minecraft:blast_furnace":1,"minecraft:bone_meal":180,"minecraft:flint_and_steel":1,"minecraft:iron_axe":1,"minecraft:spruce_slab":42,"minecraft:stone_pickaxe":1,"minecraft:diamond_boots":3,"minecraft:dark_oak_planks":72,"minecraft:golden_helmet":1,"minecraft:chainmail_leggings":12,"minecraft:cooked_beef":24,"minecraft:crossbow":2,"minecraft:diamond_sword":2,"minecraft:iron_sword":1,"minecraft:bucket":2,"minecraft:stone_axe":1,"minecraft:enchanted_book":16,"minecraft:air":0,"minecraft:bread":240,"minecraft:golden_apple":20,"minecraft:iron_shovel":1,"minecraft:iron_leggings":1,"minecraft:white_bed":1,"minecraft:torch":88,"minecraft:diamond_chestplate":3},"minecraft:custom":{"minecraft:interact_with_crafting_table":64,"minecraft:leave_game":29,"minecraft:time_since_death":301194,"minecraft:sprint_one_cm":1479596,"minecraft:damage_blocked_by_shield":5094,"minecraft:drop":406,"minecraft:talked_to_villager":422,"minecraft:play_time":576484,"minecraft:deaths":14,"minecraft:jump":13769,"minecraft:walk_on_water_one_cm":80970,"minecraft:interact_with_furnace":141,"minecraft:traded_with_villager":542,"minecraft:sleep_in_bed":22,"minecraft:damage_dealt":46392,"minecraft:player_kills":3,"minecraft:crouch_one_cm":23955,"minecraft:inspect_dispenser":3,"minecraft:horse_one_cm":15346,"minecraft:interact_with_smithing_table":1,"minecraft:interact_with_anvil":15,"minecraft:mob_kills":222,"minecraft:climb_one_cm":9717,"minecraft:walk_one_cm":1209815,"minecraft:raid_win":2,"minecraft:sneak_time":9522,"minecraft:walk_under_water_one_cm":22125,"minecraft:boat_one_cm":10440,"minecraft:total_world_time":576484,"minecraft:raid_trigger":1,"minecraft:interact_with_grindstone":2,"minecraft:time_since_rest":27559,"minecraft:damage_absorbed":247,"minecraft:damage_taken":16348,"minecraft:swim_one_cm":70959,"minecraft:fly_one_cm":2665145,"minecraft:open_chest":196,"minecraft:fall_one_cm":315022},"minecraft:mined":{"minecraft:white_bed":3,"minecraft:spruce_planks":35,"minecraft:obsidian":12,"minecraft:chiseled_polished_blackstone":4,"minecraft:grass_block":71,"minecraft:cracked_polished_blackstone_bricks":4,"minecraft:deepslate_bricks":34,"minecraft:composter":1,"minecraft:nether_wart":27,"minecraft:spawner":1,"minecraft:polished_blackstone_bricks":4,"minecraft:weeping_vines_plant":2,"minecraft:iron_ore":24,"minecraft:cobbled_deepslate":26,"minecraft:fire":12,"minecraft:nether_brick_stairs":2,"minecraft:dirt_path":11,"minecraft:oak_stairs":1,"minecraft:blackstone":13,"minecraft:crimson_nylium":9,"minecraft:torch":1,"minecraft:chest":2,"minecraft:nether_quartz_ore":155,"minecraft:cobblestone":31,"minecraft:oak_planks":24,"minecraft:sugar_cane":66,"minecraft:warped_nylium":9,"minecraft:nether_wart_block":1,"minecraft:birch_log":4,"minecraft:stripped_oak_wood":1,"minecraft:warped_fungus":1,"minecraft:grass":84,"minecraft:oak_log":106,"minecraft:dirt":88,"minecraft:netherrack":596,"minecraft:deepslate":75,"minecraft:oak_leaves":8,"minecraft:tuff":4,"minecraft:deepslate_diamond_ore":24,"minecraft:nether_bricks":54,"minecraft:crimson_roots":6,"minecraft:spruce_leaves":22,"minecraft:spruce_sapling":11,"minecraft:furnace":7,"minecraft:carrots":17,"minecraft:nether_sprouts":3,"minecraft:andesite":1,"minecraft:stripped_spruce_log":1,"minecraft:gold_block":22,"minecraft:nether_brick_fence":10,"minecraft:bookshelf":6,"minecraft:deepslate_iron_ore":2,"minecraft:rail":5,"minecraft:warped_stem":6,"minecraft:stripped_oak_log":12,"minecraft:stone":29,"minecraft:redstone_wall_torch":1,"minecraft:podzol":1,"minecraft:oak_slab":1,"minecraft:soul_sand":20,"minecraft:basalt":2,"minecraft:dandelion":2,"minecraft:oak_fence":21,"minecraft:crafting_table":15,"minecraft:warped_roots":2,"minecraft:lectern":155,"minecraft:stone_slab":1,"minecraft:tall_grass":15,"minecraft:deepslate_coal_ore":4,"minecraft:diorite":3,"minecraft:warped_wart_block":1,"minecraft:spruce_log":1590,"minecraft:coal_ore":10,"minecraft:gravel":96},"minecraft:killed":{"minecraft:zombified_piglin":1,"minecraft:witch":4,"minecraft:spider":7,"minecraft:skeleton":10,"minecraft:chicken":3,"minecraft:piglin_brute":4,"minecraft:magma_cube":1,"minecraft:piglin":20,"minecraft:pig":5,"minecraft:creeper":3,"minecraft:sheep":10,"minecraft:trader_llama":2,"minecraft:pillager":32,"minecraft:zombie":40,"minecraft:ghast":1,"minecraft:glow_squid":3,"minecraft:cow":10,"minecraft:blaze":10,"minecraft:evoker":2,"minecraft:vindicator":10,"minecraft:horse":3,"minecraft:ravager":1,"minecraft:hoglin":8,"minecraft:wither_skeleton":1,"minecraft:enderman":24}},"DataVersion":3465}