{"stats":{"minecraft:picked_up":{"minecraft:gravel":1,"minecraft:oak_sapling":1,"minecraft:string":2},"minecraft:used":{"minecraft:oak_sapling":1,"minecraft:string":2,"minecraft:gravel":1},"minecraft:custom":{"minecraft:time_since_rest":3066,"minecraft:crouch_one_cm":566,"minecraft:sprint_one_cm":19427,"minecraft:play_time":12204,"minecraft:deaths":2,"minecraft:damage_taken":600,"minecraft:walk_one_cm":24238,"minecraft:sneak_time":315,"minecraft:walk_under_water_one_cm":8122,"minecraft:mob_kills":1,"minecraft:jump":211,"minecraft:damage_dealt":239,"minecraft:leave_game":4,"minecraft:walk_on_water_one_cm":4056,"minecraft:time_since_death":1736,"minecraft:total_world_time":12204,"minecraft:swim_one_cm":7933,"minecraft:fall_one_cm":14115,"minecraft:fly_one_cm":32565},"minecraft:mined":{"minecraft:oak_sapling":1,"minecraft:gravel":1},"minecraft:killed":{"minecraft:spider":1}},"DataVersion":3465}