{"stats":{"minecraft:crafted":{"minecraft:oak_planks":16,"minecraft:shield":1,"minecraft:crafting_table":2,"minecraft:spruce_planks":28,"minecraft:stick":8,"minecraft:iron_ingot":7,"minecraft:wooden_pickaxe":2,"minecraft:stone_pickaxe":2,"minecraft:iron_sword":1,"minecraft:furnace":1,"minecraft:bucket":1,"minecraft:dark_oak_planks":64,"minecraft:air":0},"minecraft:custom":{"minecraft:time_since_rest":1856,"minecraft:interact_with_furnace":7,"minecraft:sprint_one_cm":62619,"minecraft:damage_taken":2718,"minecraft:walk_one_cm":120826,"minecraft:mob_kills":4,"minecraft:damage_dealt":593,"minecraft:swim_one_cm":26712,"minecraft:interact_with_crafting_table":14,"minecraft:fly_one_cm":37901,"minecraft:crouch_one_cm":8717,"minecraft:play_time":39521,"minecraft:deaths":9,"minecraft:sneak_time":2628,"minecraft:walk_under_water_one_cm":26490,"minecraft:jump":550,"minecraft:time_since_death":1826,"minecraft:walk_on_water_one_cm":28493,"minecraft:climb_one_cm":1070,"minecraft:total_world_time":39521,"minecraft:fall_one_cm":22478},"minecraft:used":{"minecraft:water_bucket":2,"minecraft:apple":1,"minecraft:stone_pickaxe":94,"minecraft:spruce_planks":13,"minecraft:wooden_pickaxe":9,"minecraft:iron_sword":3,"minecraft:dirt":9,"minecraft:cobblestone":26,"minecraft:beef":1,"minecraft:crafting_table":3,"minecraft:furnace":1,"minecraft:bucket":3},"minecraft:killed_by":{"minecraft:skeleton":6,"minecraft:creeper":1,"minecraft:zombie":1},"minecraft:killed":{"minecraft:sheep":2,"minecraft:spider":1,"minecraft:cow":1},"minecraft:picked_up":{"minecraft:raw_iron":7,"minecraft:stick":9,"minecraft:crafting_table":3,"minecraft:leather":1,"minecraft:oak_log":4,"minecraft:spruce_sapling":1,"minecraft:spruce_log":7,"minecraft:dark_oak_log":16,"minecraft:dirt":15,"minecraft:apple":1,"minecraft:wheat_seeds":1,"minecraft:beef":1,"minecraft:granite":2,"minecraft:gray_wool":1,"minecraft:oak_sapling":2,"minecraft:sugar_cane":27,"minecraft:mutton":4,"minecraft:coal":45,"minecraft:white_wool":1,"minecraft:cobblestone":47,"minecraft:furnace":1},"minecraft:mined":{"minecraft:tall_seagrass":1,"minecraft:furnace":1,"minecraft:iron_ore":7,"minecraft:dark_oak_log":16,"minecraft:spruce_log":7,"minecraft:crafting_table":3,"minecraft:granite":2,"minecraft:grass":2,"minecraft:oak_log":4,"minecraft:grass_block":7,"minecraft:coal_ore":33,"minecraft:dirt":8,"minecraft:stone":46,"minecraft:sugar_cane":11,"minecraft:oak_leaves":4}},"DataVersion":3465}