{"stats":{"minecraft:crafted":{"minecraft:oak_slab":12,"minecraft:oak_planks":64,"minecraft:stone_shovel":2,"minecraft:crafting_table":3,"minecraft:spruce_planks":28,"minecraft:wooden_pickaxe":3,"minecraft:iron_sword":1,"minecraft:furnace":1,"minecraft:bucket":2,"minecraft:bread":66,"minecraft:air":0,"minecraft:wooden_hoe":1,"minecraft:shield":2,"minecraft:stick":20,"minecraft:iron_ingot":7,"minecraft:stone_pickaxe":3,"minecraft:wooden_axe":1,"minecraft:composter":1,"minecraft:dark_oak_planks":64,"minecraft:wheat":198},"minecraft:custom":{"minecraft:interact_with_furnace":8,"minecraft:mob_kills":15,"minecraft:interact_with_crafting_table":31,"minecraft:leave_game":4,"minecraft:time_since_death":45127,"minecraft:sleep_in_bed":1,"minecraft:climb_one_cm":3104,"minecraft:time_since_rest":29560,"minecraft:sprint_one_cm":207101,"minecraft:damage_taken":3410,"minecraft:walk_one_cm":248099,"minecraft:drop":7,"minecraft:damage_dealt":2547,"minecraft:swim_one_cm":55729,"minecraft:fly_one_cm":149749,"minecraft:open_chest":10,"minecraft:crouch_one_cm":15078,"minecraft:play_time":86175,"minecraft:deaths":11,"minecraft:sneak_time":4096,"minecraft:walk_under_water_one_cm":29903,"minecraft:jump":1179,"minecraft:walk_on_water_one_cm":37746,"minecraft:total_world_time":86175,"minecraft:fall_one_cm":46509,"minecraft:horse_one_cm":106198},"minecraft:used":{"minecraft:water_bucket":5,"minecraft:stone_pickaxe":94,"minecraft:stone_shovel":247,"minecraft:oak_planks":7,"minecraft:spruce_planks":13,"minecraft:wooden_pickaxe":9,"minecraft:iron_sword":3,"minecraft:composter":2,"minecraft:diamond_axe":3,"minecraft:dirt":92,"minecraft:mutton":4,"minecraft:crafting_table":5,"minecraft:wooden_axe":35,"minecraft:wooden_hoe":59,"minecraft:apple":1,"minecraft:bread":6,"minecraft:cobblestone":26,"minecraft:beef":1,"minecraft:furnace":1,"minecraft:bucket":6,"minecraft:egg":1,"minecraft:cooked_beef":1},"minecraft:killed_by":{"minecraft:skeleton":8,"minecraft:creeper":1,"minecraft:zombie":1},"minecraft:dropped":{"minecraft:gravel":2,"minecraft:flint":1,"minecraft:poppy":1,"minecraft:dirt":64,"minecraft:oak_sapling":3,"minecraft:birch_boat":1},"minecraft:broken":{"minecraft:wooden_hoe":1,"minecraft:stone_shovel":1},"minecraft:killed":{"minecraft:pig":3,"minecraft:spider":1,"minecraft:iron_golem":1,"minecraft:sheep":5,"minecraft:cow":5},"minecraft:picked_up":{"minecraft:iron_chestplate":2,"minecraft:crafting_table":4,"minecraft:cooked_beef":12,"minecraft:glow_ink_sac":2,"minecraft:leather":6,"minecraft:diamond_sword":1,"minecraft:wooden_pickaxe":1,"minecraft:pink_wool":1,"minecraft:flint":1,"minecraft:oak_log":18,"minecraft:dirt":304,"minecraft:iron_axe":1,"minecraft:iron_leggings":2,"minecraft:cooked_mutton":9,"minecraft:apple":1,"minecraft:bow":1,"minecraft:wheat_seeds":11,"minecraft:beef":8,"minecraft:iron_ingot":4,"minecraft:iron_pickaxe":1,"minecraft:poppy":1,"minecraft:light_gray_wool":2,"minecraft:sugar_cane":27,"minecraft:iron_sword":2,"minecraft:oak_planks":20,"minecraft:iron_boots":1,"minecraft:egg":1,"minecraft:furnace":2,"minecraft:stick":9,"minecraft:raw_iron":7,"minecraft:birch_boat":1,"minecraft:composter":1,"minecraft:gravel":2,"minecraft:porkchop":5,"minecraft:spruce_sapling":1,"minecraft:spruce_log":7,"minecraft:redstone":7,"minecraft:dark_oak_log":16,"minecraft:iron_helmet":1,"minecraft:hay_block":22,"minecraft:diamond_axe":1,"minecraft:granite":2,"minecraft:saddle":1,"minecraft:gray_wool":1,"minecraft:bread":58,"minecraft:oak_sapling":5,"minecraft:mutton":8,"minecraft:coal":45,"minecraft:cobblestone":52,"minecraft:white_wool":2},"minecraft:mined":{"minecraft:dark_oak_log":16,"minecraft:crafting_table":4,"minecraft:granite":2,"minecraft:grass_block":212,"minecraft:tall_grass":1,"minecraft:composter":1,"minecraft:oak_planks":2,"minecraft:sugar_cane":11,"minecraft:hay_block":23,"minecraft:tall_seagrass":1,"minecraft:furnace":1,"minecraft:iron_ore":7,"minecraft:spruce_log":7,"minecraft:grass":21,"minecraft:oak_log":20,"minecraft:coal_ore":33,"minecraft:dirt_path":22,"minecraft:dirt":76,"minecraft:stone":46,"minecraft:oak_leaves":7}},"DataVersion":3465}