{"stats":{"minecraft:crafted":{"minecraft:oak_planks":16,"minecraft:shield":1,"minecraft:crafting_table":2,"minecraft:spruce_planks":28,"minecraft:stick":8,"minecraft:iron_ingot":7,"minecraft:wooden_pickaxe":2,"minecraft:stone_pickaxe":2,"minecraft:iron_sword":1,"minecraft:furnace":1,"minecraft:bucket":1,"minecraft:dark_oak_planks":64,"minecraft:air":0},"minecraft:custom":{"minecraft:time_since_rest":10503,"minecraft:interact_with_furnace":7,"minecraft:sprint_one_cm":125772,"minecraft:damage_taken":3308,"minecraft:walk_one_cm":151609,"minecraft:mob_kills":7,"minecraft:damage_dealt":843,"minecraft:swim_one_cm":55729,"minecraft:interact_with_crafting_table":14,"minecraft:fly_one_cm":80498,"minecraft:crouch_one_cm":9138,"minecraft:play_time":51521,"minecraft:deaths":11,"minecraft:sneak_time":2788,"minecraft:walk_under_water_one_cm":29635,"minecraft:jump":845,"minecraft:time_since_death":10473,"minecraft:walk_on_water_one_cm":37427,"minecraft:climb_one_cm":3104,"minecraft:total_world_time":51521,"minecraft:fall_one_cm":38590},"minecraft:used":{"minecraft:water_bucket":2,"minecraft:apple":1,"minecraft:stone_pickaxe":94,"minecraft:spruce_planks":13,"minecraft:wooden_pickaxe":9,"minecraft:iron_sword":3,"minecraft:mutton":4,"minecraft:dirt":9,"minecraft:cobblestone":26,"minecraft:beef":1,"minecraft:crafting_table":3,"minecraft:furnace":1,"minecraft:bucket":3},"minecraft:killed_by":{"minecraft:skeleton":8,"minecraft:creeper":1,"minecraft:zombie":1},"minecraft:killed":{"minecraft:sheep":5,"minecraft:spider":1,"minecraft:cow":1},"minecraft:picked_up":{"minecraft:raw_iron":7,"minecraft:stick":9,"minecraft:crafting_table":3,"minecraft:leather":1,"minecraft:oak_log":4,"minecraft:spruce_sapling":1,"minecraft:spruce_log":7,"minecraft:dark_oak_log":16,"minecraft:dirt":17,"minecraft:apple":1,"minecraft:wheat_seeds":2,"minecraft:beef":1,"minecraft:granite":2,"minecraft:gray_wool":1,"minecraft:light_gray_wool":2,"minecraft:oak_sapling":4,"minecraft:sugar_cane":27,"minecraft:mutton":8,"minecraft:coal":45,"minecraft:white_wool":2,"minecraft:cobblestone":47,"minecraft:furnace":1},"minecraft:mined":{"minecraft:tall_seagrass":1,"minecraft:furnace":1,"minecraft:iron_ore":7,"minecraft:dark_oak_log":16,"minecraft:spruce_log":7,"minecraft:crafting_table":3,"minecraft:granite":2,"minecraft:grass":7,"minecraft:oak_log":4,"minecraft:grass_block":10,"minecraft:coal_ore":33,"minecraft:dirt":8,"minecraft:tall_grass":1,"minecraft:stone":46,"minecraft:sugar_cane":11,"minecraft:oak_leaves":4}},"DataVersion":3465}