{"stats":{"minecraft:crafted":{"minecraft:oak_planks":16,"minecraft:shield":1,"minecraft:crafting_table":2,"minecraft:spruce_planks":28,"minecraft:stick":8,"minecraft:iron_ingot":7,"minecraft:wooden_pickaxe":2,"minecraft:stone_pickaxe":2,"minecraft:iron_sword":1,"minecraft:furnace":1,"minecraft:bucket":1,"minecraft:dark_oak_planks":64,"minecraft:air":0},"minecraft:custom":{"minecraft:time_since_rest":12377,"minecraft:interact_with_furnace":7,"minecraft:sprint_one_cm":41199,"minecraft:damage_taken":1300,"minecraft:walk_one_cm":85203,"minecraft:mob_kills":3,"minecraft:damage_dealt":423,"minecraft:swim_one_cm":23560,"minecraft:interact_with_crafting_table":14,"minecraft:fly_one_cm":18344,"minecraft:crouch_one_cm":6494,"minecraft:play_time":27521,"minecraft:deaths":4,"minecraft:sneak_time":1737,"minecraft:walk_under_water_one_cm":13266,"minecraft:jump":323,"minecraft:time_since_death":12355,"minecraft:walk_on_water_one_cm":16352,"minecraft:climb_one_cm":426,"minecraft:total_world_time":27521,"minecraft:fall_one_cm":10891},"minecraft:used":{"minecraft:water_bucket":1,"minecraft:apple":1,"minecraft:stone_pickaxe":94,"minecraft:spruce_planks":13,"minecraft:wooden_pickaxe":9,"minecraft:dirt":3,"minecraft:cobblestone":26,"minecraft:beef":1,"minecraft:crafting_table":3,"minecraft:furnace":1,"minecraft:bucket":1},"minecraft:killed_by":{"minecraft:skeleton":3},"minecraft:killed":{"minecraft:sheep":2,"minecraft:cow":1},"minecraft:picked_up":{"minecraft:raw_iron":7,"minecraft:stick":9,"minecraft:crafting_table":3,"minecraft:leather":1,"minecraft:oak_log":4,"minecraft:spruce_sapling":1,"minecraft:spruce_log":7,"minecraft:dark_oak_log":16,"minecraft:dirt":6,"minecraft:apple":1,"minecraft:wheat_seeds":1,"minecraft:beef":1,"minecraft:granite":2,"minecraft:gray_wool":1,"minecraft:sugar_cane":17,"minecraft:mutton":4,"minecraft:coal":45,"minecraft:white_wool":1,"minecraft:cobblestone":47,"minecraft:furnace":1},"minecraft:mined":{"minecraft:tall_seagrass":1,"minecraft:furnace":1,"minecraft:iron_ore":7,"minecraft:dark_oak_log":16,"minecraft:spruce_log":7,"minecraft:crafting_table":3,"minecraft:granite":2,"minecraft:grass":2,"minecraft:oak_log":4,"minecraft:grass_block":4,"minecraft:coal_ore":33,"minecraft:dirt":2,"minecraft:stone":46,"minecraft:sugar_cane":8,"minecraft:oak_leaves":4}},"DataVersion":3465}