{"stats":{"minecraft:picked_up":{"minecraft:wooden_axe":1,"minecraft:crafting_table":4,"minecraft:iron_chestplate":2,"minecraft:diamond_sword":3,"minecraft:wooden_pickaxe":2,"minecraft:pink_wool":2,"minecraft:shield":1,"minecraft:iron_axe":1,"minecraft:iron_leggings":2,"minecraft:bucket":1,"minecraft:beef":8,"minecraft:oak_boat":3,"minecraft:light_gray_wool":4,"minecraft:poppy":1,"minecraft:iron_pickaxe":2,"minecraft:sugar_cane":29,"minecraft:furnace":3,"minecraft:iron_boots":1,"minecraft:egg":1,"minecraft:stick":20,"minecraft:raw_iron":8,"minecraft:composter":10,"minecraft:torch":1,"minecraft:porkchop":10,"minecraft:carrot":11,"minecraft:redstone":14,"minecraft:golden_chestplate":1,"minecraft:arrow":4,"minecraft:rotten_flesh":4,"minecraft:stone_shovel":1,"minecraft:hay_block":22,"minecraft:saddle":2,"minecraft:mutton":8,"minecraft:cobblestone":52,"minecraft:white_wool":2,"minecraft:birch_log":13,"minecraft:cooked_beef":12,"minecraft:golden_carrot":1,"minecraft:glow_ink_sac":2,"minecraft:leather":6,"minecraft:flint":1,"minecraft:oak_log":65,"minecraft:yellow_bed":3,"minecraft:dirt":401,"minecraft:cooked_mutton":18,"minecraft:bone":2,"minecraft:apple":1,"minecraft:bow":2,"minecraft:wheat_seeds":25,"minecraft:grindstone":1,"minecraft:iron_ingot":16,"minecraft:stone_pickaxe":1,"minecraft:iron_sword":2,"minecraft:oak_planks":90,"minecraft:oak_slab":1,"minecraft:birch_boat":1,"minecraft:gravel":2,"minecraft:stripped_spruce_log":1,"minecraft:spruce_sapling":16,"minecraft:white_bed":2,"minecraft:spruce_log":60,"minecraft:dark_oak_log":16,"minecraft:iron_helmet":1,"minecraft:granite":2,"minecraft:diamond_axe":1,"minecraft:gray_wool":1,"minecraft:bread":108,"minecraft:oak_sapling":5,"minecraft:coal":45,"minecraft:ender_pearl":1},"minecraft:broken":{"minecraft:wooden_axe":1,"minecraft:wooden_hoe":1,"minecraft:stone_shovel":1},"minecraft:used":{"minecraft:stone_shovel":247,"minecraft:spruce_planks":13,"minecraft:shield":5,"minecraft:iron_sword":3,"minecraft:dirt":97,"minecraft:mutton":4,"minecraft:carrot":2,"minecraft:wooden_axe":36,"minecraft:iron_axe":135,"minecraft:beef":1,"minecraft:furnace":1,"minecraft:egg":1,"minecraft:cooked_beef":2,"minecraft:cooked_mutton":8,"minecraft:water_bucket":5,"minecraft:stone_pickaxe":94,"minecraft:oak_planks":38,"minecraft:wooden_pickaxe":9,"minecraft:composter":11,"minecraft:diamond_axe":10,"minecraft:oak_slab":4,"minecraft:crafting_table":5,"minecraft:white_bed":2,"minecraft:wooden_hoe":91,"minecraft:apple":1,"minecraft:bread":13,"minecraft:iron_pickaxe":3,"minecraft:lectern":1,"minecraft:diamond_sword":12,"minecraft:cobblestone":26,"minecraft:bucket":7,"minecraft:yellow_bed":3,"minecraft:oak_boat":4},"minecraft:dropped":{"minecraft:bread":47,"minecraft:iron_sword":2,"minecraft:oak_slab":5,"minecraft:diamond_axe":1,"minecraft:iron_helmet":1,"minecraft:flint":1,"minecraft:dirt":64,"minecraft:iron_leggings":2,"minecraft:iron_axe":1,"minecraft:spruce_sapling":15,"minecraft:redstone":7,"minecraft:gravel":2,"minecraft:sugar_cane":2,"minecraft:iron_boots":1,"minecraft:carrot":5,"minecraft:diamond_sword":3,"minecraft:poppy":1,"minecraft:iron_chestplate":2,"minecraft:oak_sapling":3,"minecraft:birch_boat":1,"minecraft:bow":1},"minecraft:killed_by":{"minecraft:player":1,"minecraft:creeper":1,"minecraft:skeleton":8,"minecraft:zombie":1},"minecraft:crafted":{"minecraft:oak_planks":252,"minecraft:stone_shovel":2,"minecraft:furnace":1,"minecraft:bookshelf":1,"minecraft:iron_boots":1,"minecraft:iron_axe":1,"minecraft:stone_pickaxe":3,"minecraft:dark_oak_planks":64,"minecraft:wheat":198,"minecraft:oak_slab":24,"minecraft:emerald":28,"minecraft:crafting_table":3,"minecraft:spruce_planks":240,"minecraft:wooden_pickaxe":3,"minecraft:iron_helmet":1,"minecraft:iron_sword":1,"minecraft:bucket":2,"minecraft:birch_planks":52,"minecraft:bread":66,"minecraft:air":0,"minecraft:oak_boat":2,"minecraft:lectern":1,"minecraft:wooden_hoe":2,"minecraft:book":3,"minecraft:paper":9,"minecraft:shield":2,"minecraft:stick":917,"minecraft:iron_ingot":7,"minecraft:wooden_axe":1,"minecraft:composter":1,"minecraft:diamond_chestplate":1},"minecraft:custom":{"minecraft:mob_kills":21,"minecraft:interact_with_crafting_table":49,"minecraft:leave_game":10,"minecraft:time_since_death":48973,"minecraft:climb_one_cm":3104,"minecraft:sprint_one_cm":408213,"minecraft:walk_one_cm":392208,"minecraft:damage_blocked_by_shield":145,"minecraft:drop":28,"minecraft:talked_to_villager":23,"minecraft:play_time":139503,"minecraft:deaths":12,"minecraft:sneak_time":4629,"minecraft:walk_under_water_one_cm":29903,"minecraft:boat_one_cm":8795,"minecraft:jump":2000,"minecraft:walk_on_water_one_cm":37746,"minecraft:total_world_time":139503,"minecraft:interact_with_furnace":22,"minecraft:traded_with_villager":29,"minecraft:sleep_in_bed":4,"minecraft:time_since_rest":13362,"minecraft:damage_taken":4405,"minecraft:damage_dealt":3935,"minecraft:swim_one_cm":55729,"minecraft:fly_one_cm":350320,"minecraft:player_kills":1,"minecraft:open_chest":22,"minecraft:crouch_one_cm":16432,"minecraft:fall_one_cm":65246,"minecraft:horse_one_cm":160488},"minecraft:mined":{"minecraft:white_bed":2,"minecraft:dark_oak_log":16,"minecraft:granite":2,"minecraft:grass_block":213,"minecraft:composter":10,"minecraft:hay_block":23,"minecraft:tall_seagrass":1,"minecraft:furnace":1,"minecraft:carrots":2,"minecraft:iron_ore":8,"minecraft:stripped_spruce_log":1,"minecraft:dirt_path":22,"minecraft:stone":46,"minecraft:oak_slab":2,"minecraft:crafting_table":4,"minecraft:tall_grass":1,"minecraft:grindstone":1,"minecraft:sugar_cane":11,"minecraft:oak_planks":7,"minecraft:birch_log":13,"minecraft:spruce_log":56,"minecraft:yellow_bed":2,"minecraft:grass":30,"minecraft:oak_log":67,"minecraft:coal_ore":33,"minecraft:dirt":78,"minecraft:oak_leaves":9},"minecraft:killed":{"minecraft:spider":1,"minecraft:skeleton":4,"minecraft:pig":3,"minecraft:iron_golem":1,"minecraft:sheep":5,"minecraft:enderman":1,"minecraft:cow":5}},"DataVersion":3465}