{"stats":{"minecraft:crafted":{"minecraft:oak_slab":12,"minecraft:oak_planks":64,"minecraft:stone_shovel":2,"minecraft:crafting_table":3,"minecraft:spruce_planks":28,"minecraft:wooden_pickaxe":3,"minecraft:iron_helmet":1,"minecraft:iron_sword":1,"minecraft:furnace":1,"minecraft:bucket":2,"minecraft:bread":66,"minecraft:air":0,"minecraft:iron_boots":1,"minecraft:wooden_hoe":2,"minecraft:shield":2,"minecraft:stick":24,"minecraft:iron_ingot":7,"minecraft:stone_pickaxe":3,"minecraft:wooden_axe":1,"minecraft:composter":1,"minecraft:dark_oak_planks":64,"minecraft:wheat":198},"minecraft:custom":{"minecraft:interact_with_furnace":19,"minecraft:mob_kills":15,"minecraft:interact_with_crafting_table":34,"minecraft:leave_game":6,"minecraft:time_since_death":6993,"minecraft:sleep_in_bed":1,"minecraft:climb_one_cm":3104,"minecraft:time_since_rest":7025,"minecraft:sprint_one_cm":238352,"minecraft:damage_taken":4155,"minecraft:walk_one_cm":279770,"minecraft:drop":19,"minecraft:damage_dealt":2779,"minecraft:swim_one_cm":55729,"minecraft:fly_one_cm":206824,"minecraft:player_kills":1,"minecraft:open_chest":12,"minecraft:crouch_one_cm":15123,"minecraft:play_time":97523,"minecraft:deaths":12,"minecraft:sneak_time":4130,"minecraft:walk_under_water_one_cm":29903,"minecraft:jump":1424,"minecraft:walk_on_water_one_cm":37746,"minecraft:total_world_time":97523,"minecraft:fall_one_cm":54099,"minecraft:horse_one_cm":106198},"minecraft:used":{"minecraft:water_bucket":5,"minecraft:stone_pickaxe":94,"minecraft:stone_shovel":247,"minecraft:oak_planks":7,"minecraft:spruce_planks":13,"minecraft:wooden_pickaxe":9,"minecraft:iron_sword":3,"minecraft:composter":2,"minecraft:diamond_axe":10,"minecraft:dirt":97,"minecraft:mutton":4,"minecraft:crafting_table":5,"minecraft:wooden_axe":36,"minecraft:wooden_hoe":84,"minecraft:apple":1,"minecraft:bread":12,"minecraft:iron_pickaxe":1,"minecraft:cobblestone":26,"minecraft:beef":1,"minecraft:furnace":1,"minecraft:bucket":6,"minecraft:egg":1,"minecraft:cooked_beef":2},"minecraft:killed_by":{"minecraft:player":1,"minecraft:skeleton":8,"minecraft:creeper":1,"minecraft:zombie":1},"minecraft:dropped":{"minecraft:gravel":2,"minecraft:iron_sword":2,"minecraft:diamond_axe":1,"minecraft:iron_helmet":1,"minecraft:iron_boots":1,"minecraft:flint":1,"minecraft:poppy":1,"minecraft:diamond_sword":2,"minecraft:dirt":64,"minecraft:iron_chestplate":2,"minecraft:oak_sapling":3,"minecraft:iron_leggings":2,"minecraft:birch_boat":1,"minecraft:iron_axe":1},"minecraft:broken":{"minecraft:wooden_axe":1,"minecraft:wooden_hoe":1,"minecraft:stone_shovel":1},"minecraft:killed":{"minecraft:pig":3,"minecraft:spider":1,"minecraft:iron_golem":1,"minecraft:sheep":5,"minecraft:cow":5},"minecraft:picked_up":{"minecraft:wooden_axe":1,"minecraft:iron_chestplate":2,"minecraft:crafting_table":4,"minecraft:cooked_beef":12,"minecraft:glow_ink_sac":2,"minecraft:leather":6,"minecraft:diamond_sword":2,"minecraft:wooden_pickaxe":2,"minecraft:pink_wool":2,"minecraft:flint":1,"minecraft:oak_log":18,"minecraft:yellow_bed":2,"minecraft:shield":1,"minecraft:dirt":396,"minecraft:iron_axe":1,"minecraft:iron_leggings":2,"minecraft:cooked_mutton":18,"minecraft:apple":1,"minecraft:bow":2,"minecraft:wheat_seeds":23,"minecraft:bucket":1,"minecraft:iron_ingot":16,"minecraft:beef":8,"minecraft:stone_pickaxe":1,"minecraft:poppy":1,"minecraft:iron_pickaxe":2,"minecraft:light_gray_wool":4,"minecraft:sugar_cane":27,"minecraft:iron_sword":2,"minecraft:oak_planks":85,"minecraft:furnace":3,"minecraft:iron_boots":1,"minecraft:egg":1,"minecraft:stick":9,"minecraft:raw_iron":7,"minecraft:birch_boat":1,"minecraft:composter":1,"minecraft:gravel":2,"minecraft:porkchop":10,"minecraft:spruce_sapling":1,"minecraft:white_bed":2,"minecraft:spruce_log":7,"minecraft:redstone":14,"minecraft:dark_oak_log":16,"minecraft:golden_chestplate":1,"minecraft:stone_shovel":1,"minecraft:hay_block":22,"minecraft:iron_helmet":1,"minecraft:granite":2,"minecraft:diamond_axe":1,"minecraft:gray_wool":1,"minecraft:saddle":2,"minecraft:bread":108,"minecraft:oak_sapling":5,"minecraft:mutton":8,"minecraft:coal":45,"minecraft:white_wool":2,"minecraft:cobblestone":52},"minecraft:mined":{"minecraft:white_bed":2,"minecraft:dark_oak_log":16,"minecraft:crafting_table":4,"minecraft:granite":2,"minecraft:grass_block":212,"minecraft:tall_grass":1,"minecraft:oak_planks":3,"minecraft:sugar_cane":11,"minecraft:composter":1,"minecraft:hay_block":23,"minecraft:tall_seagrass":1,"minecraft:furnace":1,"minecraft:iron_ore":7,"minecraft:spruce_log":7,"minecraft:yellow_bed":2,"minecraft:grass":25,"minecraft:coal_ore":33,"minecraft:oak_log":20,"minecraft:dirt_path":22,"minecraft:dirt":76,"minecraft:stone":46,"minecraft:oak_leaves":7}},"DataVersion":3465}