{"stats":{"minecraft:crafted":{"minecraft:oak_planks":252,"minecraft:stone_shovel":2,"minecraft:furnace":1,"minecraft:bookshelf":1,"minecraft:iron_boots":1,"minecraft:iron_axe":1,"minecraft:stone_pickaxe":3,"minecraft:dark_oak_planks":64,"minecraft:wheat":198,"minecraft:oak_slab":24,"minecraft:emerald":14,"minecraft:crafting_table":3,"minecraft:spruce_planks":28,"minecraft:wooden_pickaxe":3,"minecraft:iron_helmet":1,"minecraft:iron_sword":1,"minecraft:bucket":2,"minecraft:birch_planks":52,"minecraft:bread":66,"minecraft:air":0,"minecraft:oak_boat":2,"minecraft:lectern":1,"minecraft:book":3,"minecraft:wooden_hoe":2,"minecraft:paper":9,"minecraft:shield":2,"minecraft:stick":488,"minecraft:iron_ingot":7,"minecraft:wooden_axe":1,"minecraft:composter":1},"minecraft:custom":{"minecraft:mob_kills":16,"minecraft:interact_with_crafting_table":49,"minecraft:leave_game":7,"minecraft:time_since_death":33521,"minecraft:climb_one_cm":3104,"minecraft:sprint_one_cm":333541,"minecraft:walk_one_cm":353450,"minecraft:drop":23,"minecraft:talked_to_villager":9,"minecraft:play_time":124051,"minecraft:deaths":12,"minecraft:sneak_time":4607,"minecraft:walk_under_water_one_cm":29903,"minecraft:boat_one_cm":8795,"minecraft:jump":1755,"minecraft:walk_on_water_one_cm":37746,"minecraft:total_world_time":124051,"minecraft:interact_with_furnace":22,"minecraft:traded_with_villager":14,"minecraft:sleep_in_bed":3,"minecraft:time_since_rest":2448,"minecraft:damage_taken":4300,"minecraft:damage_dealt":2825,"minecraft:swim_one_cm":55729,"minecraft:fly_one_cm":289572,"minecraft:player_kills":1,"minecraft:open_chest":19,"minecraft:crouch_one_cm":16388,"minecraft:fall_one_cm":61095,"minecraft:horse_one_cm":152338},"minecraft:used":{"minecraft:stone_shovel":247,"minecraft:spruce_planks":13,"minecraft:iron_sword":3,"minecraft:dirt":97,"minecraft:mutton":4,"minecraft:carrot":2,"minecraft:wooden_axe":36,"minecraft:iron_axe":80,"minecraft:beef":1,"minecraft:furnace":1,"minecraft:egg":1,"minecraft:cooked_beef":2,"minecraft:cooked_mutton":4,"minecraft:water_bucket":5,"minecraft:stone_pickaxe":94,"minecraft:oak_planks":38,"minecraft:wooden_pickaxe":9,"minecraft:composter":11,"minecraft:diamond_axe":10,"minecraft:oak_slab":4,"minecraft:crafting_table":5,"minecraft:white_bed":2,"minecraft:wooden_hoe":91,"minecraft:apple":1,"minecraft:bread":13,"minecraft:iron_pickaxe":2,"minecraft:lectern":1,"minecraft:cobblestone":26,"minecraft:bucket":7,"minecraft:yellow_bed":2,"minecraft:oak_boat":4},"minecraft:killed_by":{"minecraft:player":1,"minecraft:creeper":1,"minecraft:skeleton":8,"minecraft:zombie":1},"minecraft:dropped":{"minecraft:bread":47,"minecraft:iron_sword":2,"minecraft:diamond_axe":1,"minecraft:iron_helmet":1,"minecraft:flint":1,"minecraft:dirt":64,"minecraft:iron_leggings":2,"minecraft:iron_axe":1,"minecraft:redstone":7,"minecraft:gravel":2,"minecraft:iron_boots":1,"minecraft:carrot":5,"minecraft:diamond_sword":2,"minecraft:poppy":1,"minecraft:iron_chestplate":2,"minecraft:oak_sapling":3,"minecraft:birch_boat":1,"minecraft:bow":1},"minecraft:broken":{"minecraft:wooden_axe":1,"minecraft:wooden_hoe":1,"minecraft:stone_shovel":1},"minecraft:killed":{"minecraft:spider":1,"minecraft:pig":3,"minecraft:iron_golem":1,"minecraft:sheep":5,"minecraft:cow":5},"minecraft:picked_up":{"minecraft:wooden_axe":1,"minecraft:crafting_table":4,"minecraft:iron_chestplate":2,"minecraft:diamond_sword":2,"minecraft:wooden_pickaxe":2,"minecraft:pink_wool":2,"minecraft:shield":1,"minecraft:iron_axe":1,"minecraft:iron_leggings":2,"minecraft:bucket":1,"minecraft:beef":8,"minecraft:oak_boat":3,"minecraft:light_gray_wool":4,"minecraft:poppy":1,"minecraft:iron_pickaxe":2,"minecraft:sugar_cane":27,"minecraft:egg":1,"minecraft:iron_boots":1,"minecraft:furnace":3,"minecraft:stick":9,"minecraft:raw_iron":7,"minecraft:composter":10,"minecraft:porkchop":10,"minecraft:carrot":11,"minecraft:redstone":14,"minecraft:golden_chestplate":1,"minecraft:stone_shovel":1,"minecraft:hay_block":22,"minecraft:saddle":2,"minecraft:mutton":8,"minecraft:cobblestone":52,"minecraft:white_wool":2,"minecraft:birch_log":13,"minecraft:cooked_beef":12,"minecraft:glow_ink_sac":2,"minecraft:leather":6,"minecraft:flint":1,"minecraft:oak_log":65,"minecraft:yellow_bed":3,"minecraft:dirt":400,"minecraft:cooked_mutton":18,"minecraft:apple":1,"minecraft:bow":2,"minecraft:wheat_seeds":24,"minecraft:grindstone":1,"minecraft:iron_ingot":16,"minecraft:stone_pickaxe":1,"minecraft:oak_planks":90,"minecraft:iron_sword":2,"minecraft:oak_slab":1,"minecraft:birch_boat":1,"minecraft:gravel":2,"minecraft:spruce_sapling":1,"minecraft:white_bed":2,"minecraft:spruce_log":8,"minecraft:dark_oak_log":16,"minecraft:iron_helmet":1,"minecraft:diamond_axe":1,"minecraft:granite":2,"minecraft:gray_wool":1,"minecraft:bread":108,"minecraft:oak_sapling":5,"minecraft:coal":45},"minecraft:mined":{"minecraft:white_bed":2,"minecraft:dark_oak_log":16,"minecraft:granite":2,"minecraft:grass_block":213,"minecraft:composter":10,"minecraft:hay_block":23,"minecraft:tall_seagrass":1,"minecraft:furnace":1,"minecraft:carrots":2,"minecraft:iron_ore":7,"minecraft:dirt_path":22,"minecraft:stone":46,"minecraft:oak_slab":2,"minecraft:crafting_table":4,"minecraft:tall_grass":1,"minecraft:grindstone":1,"minecraft:sugar_cane":11,"minecraft:oak_planks":7,"minecraft:birch_log":13,"minecraft:spruce_log":7,"minecraft:yellow_bed":2,"minecraft:grass":30,"minecraft:oak_log":67,"minecraft:coal_ore":33,"minecraft:dirt":78,"minecraft:oak_leaves":9}},"DataVersion":3465}