{"stats":{"minecraft:crafted":{"minecraft:oak_planks":32,"minecraft:crafting_table":2,"minecraft:iron_helmet":1,"minecraft:wooden_pickaxe":1,"minecraft:iron_sword":1,"minecraft:furnace":1,"minecraft:stone_axe":1,"minecraft:bread":102,"minecraft:cooked_mutton":5,"minecraft:air":0,"minecraft:iron_chestplate":1,"minecraft:shield":1,"minecraft:iron_axe":1,"minecraft:iron_hoe":1,"minecraft:stick":16,"minecraft:iron_ingot":41,"minecraft:iron_pickaxe":1,"minecraft:stone_pickaxe":1,"minecraft:stone_sword":1,"minecraft:iron_leggings":1,"minecraft:wheat":306},"minecraft:custom":{"minecraft:interact_with_furnace":20,"minecraft:mob_kills":23,"minecraft:interact_with_crafting_table":22,"minecraft:leave_game":1,"minecraft:time_since_death":18835,"minecraft:sleep_in_bed":2,"minecraft:time_since_rest":13246,"minecraft:sprint_one_cm":181674,"minecraft:damage_taken":1894,"minecraft:walk_one_cm":75180,"minecraft:damage_blocked_by_shield":458,"minecraft:damage_dealt":3156,"minecraft:swim_one_cm":49845,"minecraft:fly_one_cm":207299,"minecraft:open_chest":8,"minecraft:crouch_one_cm":5201,"minecraft:play_time":48636,"minecraft:deaths":5,"minecraft:sneak_time":2546,"minecraft:walk_under_water_one_cm":13428,"minecraft:jump":1073,"minecraft:walk_on_water_one_cm":16235,"minecraft:total_world_time":48636,"minecraft:fall_one_cm":35530},"minecraft:used":{"minecraft:cooked_mutton":5,"minecraft:stone_pickaxe":50,"minecraft:oak_planks":12,"minecraft:chest":1,"minecraft:wooden_pickaxe":21,"minecraft:shield":9,"minecraft:iron_sword":39,"minecraft:sugar_cane":7,"minecraft:dirt":1,"minecraft:crafting_table":4,"minecraft:iron_hoe":39,"minecraft:iron_axe":31,"minecraft:bread":5,"minecraft:iron_pickaxe":53,"minecraft:stone_axe":11,"minecraft:cobblestone":15,"minecraft:beef":5,"minecraft:furnace":2,"minecraft:golden_axe":18},"minecraft:killed_by":{"minecraft:skeleton":4},"minecraft:killed":{"minecraft:pig":3,"minecraft:spider":2,"minecraft:iron_golem":1,"minecraft:creeper":1,"minecraft:sheep":3,"minecraft:zombie":3,"minecraft:cow":7},"minecraft:picked_up":{"minecraft:crafting_table":4,"minecraft:andesite":3,"minecraft:leather":14,"minecraft:wooden_pickaxe":3,"minecraft:pink_wool":2,"minecraft:oak_log":52,"minecraft:shield":1,"minecraft:string":4,"minecraft:dirt":2,"minecraft:iron_axe":1,"minecraft:apple":2,"minecraft:wheat_seeds":3,"minecraft:beef":20,"minecraft:iron_ingot":10,"minecraft:stone_pickaxe":3,"minecraft:poppy":1,"minecraft:iron_pickaxe":1,"minecraft:sugar_cane":30,"minecraft:chest":2,"minecraft:iron_sword":1,"minecraft:oak_planks":37,"minecraft:egg":3,"minecraft:furnace":3,"minecraft:stick":6,"minecraft:raw_iron":69,"minecraft:pumpkin":2,"minecraft:porkchop":6,"minecraft:golden_axe":1,"minecraft:spider_eye":1,"minecraft:stone_sword":3,"minecraft:rotten_flesh":12,"minecraft:diamond":2,"minecraft:stone_axe":3,"minecraft:hay_block":34,"minecraft:granite":6,"minecraft:mutton":5,"minecraft:coal":147,"minecraft:white_wool":4,"minecraft:cobblestone":54},"minecraft:mined":{"minecraft:deepslate_diamond_ore":1,"minecraft:crafting_table":2,"minecraft:granite":2,"minecraft:grass_block":1,"minecraft:chest":1,"minecraft:cobblestone":1,"minecraft:tall_grass":13,"minecraft:sugar_cane":7,"minecraft:oak_planks":6,"minecraft:hay_block":34,"minecraft:furnace":2,"minecraft:iron_ore":38,"minecraft:fire":11,"minecraft:andesite":1,"minecraft:birch_leaves":3,"minecraft:pumpkin":2,"minecraft:grass":26,"minecraft:oak_log":33,"minecraft:coal_ore":37,"minecraft:deepslate_iron_ore":3,"minecraft:stone":35,"minecraft:oak_leaves":7}},"DataVersion":3465}