{"stats":{"minecraft:crafted":{"minecraft:oak_planks":64,"minecraft:crafting_table":4,"minecraft:wooden_pickaxe":1,"minecraft:iron_helmet":1,"minecraft:iron_sword":1,"minecraft:furnace":1,"minecraft:stone_axe":1,"minecraft:bread":102,"minecraft:cooked_mutton":5,"minecraft:air":0,"minecraft:diamond_pickaxe":1,"minecraft:iron_chestplate":1,"minecraft:shield":1,"minecraft:iron_axe":1,"minecraft:iron_hoe":1,"minecraft:stick":24,"minecraft:iron_ingot":41,"minecraft:iron_pickaxe":1,"minecraft:stone_pickaxe":1,"minecraft:stone_sword":1,"minecraft:iron_leggings":1,"minecraft:wheat":306},"minecraft:custom":{"minecraft:interact_with_furnace":22,"minecraft:mob_kills":27,"minecraft:interact_with_crafting_table":24,"minecraft:leave_game":2,"minecraft:time_since_death":42435,"minecraft:sleep_in_bed":3,"minecraft:time_since_rest":3369,"minecraft:sprint_one_cm":224913,"minecraft:damage_taken":2219,"minecraft:walk_one_cm":107197,"minecraft:damage_blocked_by_shield":1238,"minecraft:drop":16,"minecraft:damage_dealt":4492,"minecraft:player_kills":1,"minecraft:swim_one_cm":59979,"minecraft:fly_one_cm":260027,"minecraft:open_chest":10,"minecraft:crouch_one_cm":8889,"minecraft:play_time":72236,"minecraft:deaths":5,"minecraft:sneak_time":4320,"minecraft:walk_under_water_one_cm":17245,"minecraft:jump":1407,"minecraft:walk_on_water_one_cm":19558,"minecraft:total_world_time":72236,"minecraft:fall_one_cm":44341},"minecraft:used":{"minecraft:cooked_mutton":5,"minecraft:stone_pickaxe":50,"minecraft:oak_planks":13,"minecraft:wooden_pickaxe":21,"minecraft:chest":1,"minecraft:shield":15,"minecraft:iron_sword":65,"minecraft:sugar_cane":28,"minecraft:dirt":1,"minecraft:crafting_table":6,"minecraft:iron_hoe":39,"minecraft:diamond_pickaxe":138,"minecraft:iron_axe":36,"minecraft:bread":11,"minecraft:iron_pickaxe":137,"minecraft:stone_axe":11,"minecraft:cobblestone":15,"minecraft:beef":5,"minecraft:furnace":2,"minecraft:cobbled_deepslate":35,"minecraft:golden_axe":18},"minecraft:killed_by":{"minecraft:skeleton":4},"minecraft:dropped":{"minecraft:stone_axe":1,"minecraft:wheat_seeds":1,"minecraft:stone_sword":1,"minecraft:cobbled_deepslate":2,"minecraft:raw_iron":25,"minecraft:leather":8,"minecraft:stick":6,"minecraft:poppy":1,"minecraft:diorite":13,"minecraft:arrow":2,"minecraft:stone_pickaxe":1,"minecraft:bone":2},"minecraft:killed":{"minecraft:pig":3,"minecraft:spider":2,"minecraft:iron_golem":1,"minecraft:creeper":1,"minecraft:skeleton":1,"minecraft:sheep":3,"minecraft:zombie":6,"minecraft:cow":7},"minecraft:picked_up":{"minecraft:crafting_table":6,"minecraft:andesite":4,"minecraft:leather":14,"minecraft:wooden_pickaxe":3,"minecraft:pink_wool":2,"minecraft:oak_log":52,"minecraft:shield":1,"minecraft:dirt":2,"minecraft:string":4,"minecraft:iron_axe":1,"minecraft:bone":2,"minecraft:apple":2,"minecraft:bow":1,"minecraft:wheat_seeds":4,"minecraft:cobbled_deepslate":87,"minecraft:stone_pickaxe":3,"minecraft:iron_ingot":10,"minecraft:beef":20,"minecraft:poppy":1,"minecraft:iron_pickaxe":1,"minecraft:sugar_cane":38,"minecraft:chest":2,"minecraft:iron_sword":1,"minecraft:oak_planks":37,"minecraft:egg":3,"minecraft:furnace":3,"minecraft:stick":8,"minecraft:raw_iron":110,"minecraft:pumpkin":2,"minecraft:porkchop":6,"minecraft:golden_axe":1,"minecraft:diorite":13,"minecraft:spider_eye":1,"minecraft:stone_sword":3,"minecraft:arrow":2,"minecraft:rotten_flesh":16,"minecraft:diamond":15,"minecraft:stone_axe":3,"minecraft:hay_block":34,"minecraft:granite":6,"minecraft:mutton":5,"minecraft:coal":147,"minecraft:white_wool":4,"minecraft:cobblestone":100},"minecraft:mined":{"minecraft:deepslate_diamond_ore":14,"minecraft:crafting_table":4,"minecraft:granite":2,"minecraft:grass_block":1,"minecraft:chest":1,"minecraft:tall_grass":13,"minecraft:cobblestone":1,"minecraft:oak_planks":6,"minecraft:sugar_cane":15,"minecraft:diorite":13,"minecraft:hay_block":34,"minecraft:furnace":2,"minecraft:cobbled_deepslate":1,"minecraft:iron_ore":80,"minecraft:fire":11,"minecraft:andesite":2,"minecraft:birch_leaves":3,"minecraft:pumpkin":2,"minecraft:grass":39,"minecraft:oak_log":33,"minecraft:coal_ore":37,"minecraft:deepslate_iron_ore":3,"minecraft:stone":85,"minecraft:oak_leaves":7,"minecraft:deepslate":95}},"DataVersion":3465}