{"stats":{"minecraft:crafted":{"minecraft:oak_planks":136,"minecraft:furnace":1,"minecraft:cooked_mutton":5,"minecraft:polished_deepslate":40,"minecraft:iron_axe":1,"minecraft:iron_hoe":1,"minecraft:stone_pickaxe":1,"minecraft:wheat":306,"minecraft:diamond_sword":1,"minecraft:diamond_axe":1,"minecraft:crafting_table":4,"minecraft:wooden_pickaxe":1,"minecraft:iron_helmet":1,"minecraft:iron_sword":1,"minecraft:stone_axe":1,"minecraft:bread":102,"minecraft:air":0,"minecraft:iron_chestplate":1,"minecraft:diamond_pickaxe":1,"minecraft:shield":1,"minecraft:stick":48,"minecraft:iron_pickaxe":1,"minecraft:iron_ingot":51,"minecraft:stone_sword":1,"minecraft:iron_shovel":7,"minecraft:iron_leggings":1},"minecraft:custom":{"minecraft:mob_kills":32,"minecraft:interact_with_crafting_table":37,"minecraft:leave_game":4,"minecraft:time_since_death":30111,"minecraft:sprint_one_cm":343977,"minecraft:walk_one_cm":235156,"minecraft:damage_blocked_by_shield":1544,"minecraft:drop":29,"minecraft:play_time":118300,"minecraft:deaths":11,"minecraft:sneak_time":5767,"minecraft:walk_under_water_one_cm":17245,"minecraft:jump":2069,"minecraft:walk_on_water_one_cm":19558,"minecraft:total_world_time":118300,"minecraft:interact_with_furnace":32,"minecraft:sleep_in_bed":5,"minecraft:time_since_rest":14367,"minecraft:damage_taken":4027,"minecraft:damage_dealt":6446,"minecraft:swim_one_cm":59979,"minecraft:fly_one_cm":407355,"minecraft:player_kills":4,"minecraft:open_chest":16,"minecraft:crouch_one_cm":15145,"minecraft:fall_one_cm":61226},"minecraft:used":{"minecraft:oak_trapdoor":3,"minecraft:iron_shovel":614,"minecraft:chest":1,"minecraft:shield":19,"minecraft:iron_sword":65,"minecraft:iron_chestplate":1,"minecraft:dirt":237,"minecraft:iron_hoe":39,"minecraft:iron_axe":43,"minecraft:beef":5,"minecraft:furnace":2,"minecraft:cobbled_deepslate":35,"minecraft:golden_axe":18,"minecraft:cooked_mutton":5,"minecraft:stone_pickaxe":50,"minecraft:oak_planks":28,"minecraft:wooden_pickaxe":21,"minecraft:diamond_axe":30,"minecraft:sugar_cane":28,"minecraft:crafting_table":6,"minecraft:diamond_pickaxe":139,"minecraft:bread":20,"minecraft:iron_pickaxe":137,"minecraft:stone_axe":11,"minecraft:diamond_sword":28,"minecraft:cobblestone":15},"minecraft:killed_by":{"minecraft:player":4,"minecraft:creeper":1,"minecraft:skeleton":4},"minecraft:dropped":{"minecraft:iron_ingot":13,"minecraft:bread":108,"minecraft:iron_sword":1,"minecraft:wheat_seeds":2,"minecraft:leather":8,"minecraft:stick":6,"minecraft:diorite":13,"minecraft:polished_deepslate":40,"minecraft:bone":4,"minecraft:furnace":1,"minecraft:stone_axe":1,"minecraft:golden_chestplate":1,"minecraft:stone_sword":1,"minecraft:cobbled_deepslate":2,"minecraft:raw_iron":25,"minecraft:oak_planks":64,"minecraft:iron_hoe":1,"minecraft:poppy":1,"minecraft:arrow":2,"minecraft:stone_pickaxe":1},"minecraft:killed":{"minecraft:spider":2,"minecraft:skeleton":2,"minecraft:pig":3,"minecraft:iron_golem":1,"minecraft:creeper":2,"minecraft:sheep":3,"minecraft:zombie":9,"minecraft:cow":7},"minecraft:picked_up":{"minecraft:crafting_table":12,"minecraft:iron_chestplate":5,"minecraft:diamond_sword":4,"minecraft:wooden_pickaxe":6,"minecraft:pink_wool":5,"minecraft:shield":7,"minecraft:oak_trapdoor":16,"minecraft:string":4,"minecraft:iron_axe":7,"minecraft:iron_leggings":5,"minecraft:cobbled_deepslate":87,"minecraft:beef":20,"minecraft:poppy":2,"minecraft:iron_pickaxe":4,"minecraft:sugar_cane":38,"minecraft:chest":2,"minecraft:egg":3,"minecraft:iron_boots":6,"minecraft:furnace":7,"minecraft:stick":18,"minecraft:raw_iron":178,"minecraft:porkchop":16,"minecraft:golden_axe":4,"minecraft:diorite":13,"minecraft:redstone":7,"minecraft:golden_chestplate":1,"minecraft:iron_horse_armor":2,"minecraft:stone_sword":3,"minecraft:arrow":2,"minecraft:rotten_flesh":38,"minecraft:hay_block":34,"minecraft:saddle":1,"minecraft:mutton":5,"minecraft:cobblestone":100,"minecraft:white_wool":6,"minecraft:oxeye_daisy":2,"minecraft:cooked_beef":7,"minecraft:glow_ink_sac":6,"minecraft:andesite":4,"minecraft:leather":14,"minecraft:birch_planks":5,"minecraft:oak_log":72,"minecraft:dirt":569,"minecraft:name_tag":1,"minecraft:bone":15,"minecraft:apple":2,"minecraft:bow":3,"minecraft:wheat_seeds":29,"minecraft:stone_pickaxe":3,"minecraft:iron_ingot":24,"minecraft:iron_sword":9,"minecraft:oak_planks":295,"minecraft:oak_slab":1,"minecraft:cooked_porkchop":2,"minecraft:birch_boat":1,"minecraft:pumpkin":2,"minecraft:dandelion":2,"minecraft:spider_eye":1,"minecraft:iron_hoe":7,"minecraft:diamond":40,"minecraft:stone_axe":3,"minecraft:iron_helmet":6,"minecraft:diamond_axe":4,"minecraft:granite":6,"minecraft:bread":361,"minecraft:oak_sapling":2,"minecraft:coal":245,"minecraft:diamond_pickaxe":4},"minecraft:mined":{"minecraft:deepslate_diamond_ore":14,"minecraft:granite":2,"minecraft:grass_block":398,"minecraft:hay_block":34,"minecraft:oak_trapdoor":16,"minecraft:furnace":2,"minecraft:iron_ore":80,"minecraft:cobbled_deepslate":1,"minecraft:fire":11,"minecraft:andesite":2,"minecraft:pumpkin":2,"minecraft:dirt_path":27,"minecraft:deepslate_iron_ore":3,"minecraft:stone":85,"minecraft:crafting_table":4,"minecraft:chest":1,"minecraft:tall_grass":17,"minecraft:cobblestone":1,"minecraft:sugar_cane":15,"minecraft:oak_planks":6,"minecraft:diorite":13,"minecraft:birch_leaves":3,"minecraft:grass":146,"minecraft:oak_log":33,"minecraft:coal_ore":37,"minecraft:dirt":176,"minecraft:oak_leaves":7,"minecraft:deepslate":95}},"DataVersion":3465}