{"stats":{"minecraft:picked_up":{"minecraft:iron_chestplate":13,"minecraft:crafting_table":22,"minecraft:azure_bluet":1,"minecraft:stone_slab":5,"minecraft:lead":4,"minecraft:diamond_sword":21,"minecraft:wooden_pickaxe":6,"minecraft:pink_wool":5,"minecraft:shield":32,"minecraft:oak_trapdoor":29,"minecraft:string":17,"minecraft:cooked_salmon":9,"minecraft:iron_axe":15,"minecraft:iron_leggings":9,"minecraft:iron_shovel":11,"minecraft:diamond_leggings":18,"minecraft:cartography_table":1,"minecraft:cobbled_deepslate":87,"minecraft:spruce_planks":239,"minecraft:beef":44,"minecraft:oak_boat":4,"minecraft:poppy":2,"minecraft:iron_pickaxe":7,"minecraft:lectern":6,"minecraft:sugar_cane":413,"minecraft:chest":2,"minecraft:furnace":7,"minecraft:iron_boots":10,"minecraft:egg":9,"minecraft:stick":82,"minecraft:raw_iron":305,"minecraft:oak_fence":9,"minecraft:porkchop":16,"minecraft:golden_axe":7,"minecraft:diorite":71,"minecraft:carrot":6,"minecraft:redstone":115,"minecraft:golden_chestplate":1,"minecraft:iron_horse_armor":5,"minecraft:dark_oak_planks":6,"minecraft:stone_sword":3,"minecraft:arrow":82,"minecraft:rotten_flesh":120,"minecraft:diamond_chestplate":14,"minecraft:deepslate_bricks":33,"minecraft:diamond_boots":9,"minecraft:hay_block":34,"minecraft:saddle":15,"minecraft:totem_of_undying":3,"minecraft:mutton":7,"minecraft:white_wool":7,"minecraft:cobblestone":196,"minecraft:oxeye_daisy":2,"minecraft:cooked_beef":16,"minecraft:glow_ink_sac":10,"minecraft:birch_slab":18,"minecraft:andesite":4,"minecraft:leather":31,"minecraft:birch_planks":5,"minecraft:oak_log":167,"minecraft:gunpowder":3,"minecraft:dirt":685,"minecraft:white_banner":91,"minecraft:name_tag":1,"minecraft:bone":47,"minecraft:apple":7,"minecraft:bow":3,"minecraft:wheat_seeds":135,"minecraft:iron_ingot":83,"minecraft:stone_pickaxe":3,"minecraft:diamond_helmet":12,"minecraft:glowstone_dust":2,"minecraft:iron_sword":9,"minecraft:oak_planks":412,"minecraft:book":1,"minecraft:oak_slab":3,"minecraft:cooked_porkchop":11,"minecraft:birch_boat":1,"minecraft:pumpkin":2,"minecraft:dandelion":17,"minecraft:gravel":8,"minecraft:spruce_sapling":26,"minecraft:spruce_log":572,"minecraft:dark_oak_log":8,"minecraft:spider_eye":1,"minecraft:iron_hoe":7,"minecraft:sugar":4,"minecraft:diamond":70,"minecraft:stone_axe":3,"minecraft:iron_helmet":10,"minecraft:granite":10,"minecraft:crossbow":34,"minecraft:diamond_axe":18,"minecraft:spruce_button":8,"minecraft:emerald":76,"minecraft:bread":605,"minecraft:oak_sapling":15,"minecraft:dark_oak_fence":9,"minecraft:coal":310,"minecraft:diamond_pickaxe":17,"minecraft:ender_pearl":2},"minecraft:used":{"minecraft:oak_fence":1,"minecraft:oak_trapdoor":3,"minecraft:iron_shovel":841,"minecraft:chest":5,"minecraft:spruce_planks":8,"minecraft:shield":29,"minecraft:iron_sword":65,"minecraft:cooked_salmon":9,"minecraft:iron_chestplate":13,"minecraft:dirt":275,"minecraft:anvil":1,"minecraft:diamond_helmet":1,"minecraft:dark_oak_planks":32,"minecraft:iron_hoe":39,"minecraft:iron_axe":43,"minecraft:iron_helmet":1,"minecraft:totem_of_undying":1,"minecraft:diamond_chestplate":3,"minecraft:beef":5,"minecraft:furnace":2,"minecraft:egg":1,"minecraft:cobbled_deepslate":35,"minecraft:golden_axe":34,"minecraft:cooked_mutton":5,"minecraft:diorite":24,"minecraft:stone_pickaxe":50,"minecraft:oak_planks":114,"minecraft:ender_pearl":1,"minecraft:wooden_pickaxe":21,"minecraft:sugar_cane":221,"minecraft:diamond_axe":781,"minecraft:deepslate_bricks":25,"minecraft:glow_berries":6,"minecraft:oak_slab":2,"minecraft:crafting_table":6,"minecraft:crossbow":1,"minecraft:spruce_log":15,"minecraft:oak_log":4,"minecraft:diamond_pickaxe":288,"minecraft:bread":87,"minecraft:iron_pickaxe":137,"minecraft:stone_slab":5,"minecraft:spruce_sapling":4,"minecraft:stone_axe":11,"minecraft:diamond_sword":405,"minecraft:cobblestone":28,"minecraft:white_banner":1,"minecraft:cooked_porkchop":1,"minecraft:oak_boat":2,"minecraft:diamond_leggings":4,"minecraft:bone_meal":6},"minecraft:dropped":{"minecraft:iron_ingot":13,"minecraft:bread":122,"minecraft:iron_sword":1,"minecraft:wheat_seeds":13,"minecraft:oak_log":25,"minecraft:glow_ink_sac":6,"minecraft:cobblestone":3,"minecraft:glow_berries":5,"minecraft:leather":8,"minecraft:apple":1,"minecraft:granite":2,"minecraft:emerald":34,"minecraft:stick":63,"minecraft:oxeye_daisy":2,"minecraft:dirt":2,"minecraft:diorite":13,"minecraft:dandelion":4,"minecraft:polished_deepslate":40,"minecraft:bone":4,"minecraft:furnace":1,"minecraft:stone_axe":1,"minecraft:sugar_cane":2,"minecraft:golden_chestplate":1,"minecraft:stone_sword":1,"minecraft:cobbled_deepslate":3,"minecraft:raw_iron":25,"minecraft:oak_planks":64,"minecraft:iron_hoe":1,"minecraft:deepslate_bricks":12,"minecraft:poppy":1,"minecraft:diamond_chestplate":1,"minecraft:arrow":10,"minecraft:stone_pickaxe":1},"minecraft:killed_by":{"minecraft:evoker":2,"minecraft:player":5,"minecraft:creeper":2,"minecraft:spider":1,"minecraft:enderman":1,"minecraft:ravager":3,"minecraft:vindicator":10,"minecraft:skeleton":5,"minecraft:zombie":2},"minecraft:crafted":{"minecraft:oak_planks":268,"minecraft:furnace":1,"minecraft:bone_meal":30,"minecraft:cooked_mutton":5,"minecraft:diamond_helmet":2,"minecraft:diamond_leggings":2,"minecraft:iron_boots":1,"minecraft:polished_deepslate":52,"minecraft:iron_axe":1,"minecraft:iron_hoe":1,"minecraft:stone_pickaxe":1,"minecraft:chest":4,"minecraft:diamond_boots":2,"minecraft:dark_oak_planks":32,"minecraft:wheat":306,"minecraft:diamond_sword":1,"minecraft:emerald":125,"minecraft:diamond_axe":1,"minecraft:crafting_table":4,"minecraft:spruce_planks":1564,"minecraft:wooden_pickaxe":1,"minecraft:iron_helmet":2,"minecraft:iron_sword":1,"minecraft:stone_axe":1,"minecraft:enchanted_book":1,"minecraft:bread":102,"minecraft:air":0,"minecraft:iron_chestplate":2,"minecraft:diamond_pickaxe":1,"minecraft:shield":3,"minecraft:stick":3159,"minecraft:iron_ingot":51,"minecraft:iron_pickaxe":1,"minecraft:iron_block":3,"minecraft:stone_sword":1,"minecraft:iron_shovel":7,"minecraft:iron_leggings":3,"minecraft:anvil":1,"minecraft:deepslate_bricks":12,"minecraft:diamond_chestplate":2},"minecraft:custom":{"minecraft:interact_with_anvil":2,"minecraft:mob_kills":140,"minecraft:interact_with_crafting_table":45,"minecraft:bell_ring":41,"minecraft:leave_game":8,"minecraft:time_since_death":24606,"minecraft:climb_one_cm":73,"minecraft:sprint_one_cm":998328,"minecraft:walk_one_cm":618117,"minecraft:damage_blocked_by_shield":2194,"minecraft:drop":54,"minecraft:talked_to_villager":93,"minecraft:raid_win":2,"minecraft:play_time":342422,"minecraft:sneak_time":12005,"minecraft:deaths":34,"minecraft:walk_under_water_one_cm":20873,"minecraft:boat_one_cm":13442,"minecraft:jump":6651,"minecraft:walk_on_water_one_cm":27459,"minecraft:total_world_time":342422,"minecraft:interact_with_furnace":45,"minecraft:traded_with_villager":130,"minecraft:interact_with_grindstone":1,"minecraft:sleep_in_bed":15,"minecraft:time_since_rest":11277,"minecraft:damage_taken":14463,"minecraft:damage_dealt":29740,"minecraft:player_kills":4,"minecraft:swim_one_cm":76820,"minecraft:fly_one_cm":1461389,"minecraft:open_chest":91,"minecraft:crouch_one_cm":29189,"minecraft:fall_one_cm":171151,"minecraft:horse_one_cm":146858},"minecraft:mined":{"minecraft:spruce_planks":12,"minecraft:deepslate_diamond_ore":14,"minecraft:granite":4,"minecraft:dark_oak_fence":6,"minecraft:grass_block":419,"minecraft:deepslate_bricks":17,"minecraft:spruce_leaves":20,"minecraft:cartography_table":1,"minecraft:hay_block":34,"minecraft:tall_seagrass":1,"minecraft:oak_trapdoor":16,"minecraft:spruce_sapling":1,"minecraft:furnace":2,"minecraft:iron_ore":102,"minecraft:fire":11,"minecraft:cobbled_deepslate":1,"minecraft:andesite":2,"minecraft:pumpkin":2,"minecraft:azure_bluet":1,"minecraft:dirt_path":28,"minecraft:deepslate_iron_ore":3,"minecraft:vine":2,"minecraft:white_banner":1,"minecraft:stone":127,"minecraft:oak_slab":2,"minecraft:dandelion":1,"minecraft:oak_fence":1,"minecraft:crafting_table":4,"minecraft:chest":1,"minecraft:copper_ore":1,"minecraft:tall_grass":36,"minecraft:cobblestone":12,"minecraft:oak_planks":7,"minecraft:sugar_cane":276,"minecraft:diorite":42,"minecraft:spruce_log":584,"minecraft:birch_leaves":3,"minecraft:white_wall_banner":1,"minecraft:grass":401,"minecraft:coal_ore":50,"minecraft:oak_log":72,"minecraft:gravel":4,"minecraft:dirt":199,"minecraft:oak_leaves":15,"minecraft:deepslate":95},"minecraft:killed":{"minecraft:evoker":1,"minecraft:vex":4,"minecraft:spider":7,"minecraft:vindicator":5,"minecraft:skeleton":11,"minecraft:chicken":1,"minecraft:pig":3,"minecraft:iron_golem":1,"minecraft:ravager":1,"minecraft:creeper":6,"minecraft:sheep":4,"minecraft:trader_llama":2,"minecraft:pillager":30,"minecraft:zombie":47,"minecraft:enderman":3,"minecraft:cow":9}},"DataVersion":3465}