{"stats":{"minecraft:picked_up":{"minecraft:iron_chestplate":13,"minecraft:stone_slab":5,"minecraft:smithing_table":4,"minecraft:lead":4,"minecraft:diamond_sword":22,"minecraft:oak_stairs":1,"minecraft:enchanted_book":2,"minecraft:amethyst_block":6,"minecraft:string":24,"minecraft:cooked_salmon":9,"minecraft:iron_leggings":9,"minecraft:diamond_leggings":23,"minecraft:gold_nugget":3,"minecraft:cobbled_deepslate":87,"minecraft:spruce_planks":241,"minecraft:ender_eye":1,"minecraft:calcite":4,"minecraft:iron_pickaxe":7,"minecraft:furnace":7,"minecraft:iron_boots":10,"minecraft:stick":92,"minecraft:oak_fence":11,"minecraft:torch":1,"minecraft:porkchop":16,"minecraft:golden_axe":7,"minecraft:diorite":71,"minecraft:golden_chestplate":1,"minecraft:stone_sword":3,"minecraft:rotten_flesh":135,"minecraft:cobblestone":239,"minecraft:cooked_beef":16,"minecraft:iron_door":2,"minecraft:birch_slab":18,"minecraft:andesite":4,"minecraft:flint":8,"minecraft:dirt":707,"minecraft:name_tag":1,"minecraft:bone":47,"minecraft:bow":3,"minecraft:wheat_seeds":139,"minecraft:diamond_helmet":14,"minecraft:glowstone_dust":2,"minecraft:oak_planks":413,"minecraft:cooked_porkchop":11,"minecraft:sand":1,"minecraft:lily_of_the_valley":1,"minecraft:dark_oak_log":8,"minecraft:iron_hoe":7,"minecraft:sugar":4,"minecraft:diamond":70,"minecraft:crossbow":34,"minecraft:granite":10,"minecraft:spruce_button":8,"minecraft:bread":675,"minecraft:emerald":105,"minecraft:oak_sapling":15,"minecraft:netherrack":1,"minecraft:dark_oak_fence":9,"minecraft:diamond_pickaxe":17,"minecraft:crafting_table":24,"minecraft:azure_bluet":1,"minecraft:wooden_pickaxe":6,"minecraft:pink_wool":5,"minecraft:shield":32,"minecraft:oak_trapdoor":29,"minecraft:iron_axe":16,"minecraft:iron_shovel":11,"minecraft:cracked_stone_bricks":1,"minecraft:cartography_table":1,"minecraft:beef":44,"minecraft:oak_boat":4,"minecraft:poppy":2,"minecraft:lectern":6,"minecraft:sugar_cane":413,"minecraft:chest":2,"minecraft:egg":10,"minecraft:raw_iron":313,"minecraft:oak_door":2,"minecraft:carrot":6,"minecraft:redstone":115,"minecraft:iron_horse_armor":5,"minecraft:dark_oak_planks":10,"minecraft:diamond_chestplate":17,"minecraft:arrow":83,"minecraft:diamond_boots":14,"minecraft:deepslate_bricks":33,"minecraft:hay_block":34,"minecraft:saddle":15,"minecraft:totem_of_undying":3,"minecraft:mutton":13,"minecraft:white_wool":13,"minecraft:rail":19,"minecraft:oxeye_daisy":2,"minecraft:glow_ink_sac":10,"minecraft:leather":31,"minecraft:birch_planks":5,"minecraft:oak_log":169,"minecraft:gunpowder":4,"minecraft:white_banner":91,"minecraft:stone_bricks":4,"minecraft:apple":7,"minecraft:iron_ingot":83,"minecraft:stone_pickaxe":3,"minecraft:iron_sword":9,"minecraft:book":1,"minecraft:oak_slab":3,"minecraft:smooth_basalt":2,"minecraft:birch_boat":1,"minecraft:pumpkin":2,"minecraft:dandelion":17,"minecraft:gravel":8,"minecraft:amethyst_shard":1,"minecraft:spruce_sapling":50,"minecraft:spruce_log":996,"minecraft:spruce_door":6,"minecraft:spider_eye":3,"minecraft:firework_rocket":7,"minecraft:stone_axe":3,"minecraft:iron_helmet":11,"minecraft:diamond_axe":20,"minecraft:coal":310,"minecraft:ender_pearl":50},"minecraft:used":{"minecraft:iron_shovel":845,"minecraft:elytra":26,"minecraft:chest":5,"minecraft:shield":29,"minecraft:iron_sword":65,"minecraft:iron_chestplate":13,"minecraft:mutton":1,"minecraft:carrot":1,"minecraft:spruce_boat":1,"minecraft:iron_helmet":1,"minecraft:furnace":2,"minecraft:egg":1,"minecraft:diorite":24,"minecraft:spruce_door":5,"minecraft:stone_pickaxe":50,"minecraft:oak_planks":114,"minecraft:ender_pearl":13,"minecraft:wooden_pickaxe":21,"minecraft:diamond_axe":1225,"minecraft:sugar_cane":221,"minecraft:white_wool":1,"minecraft:glow_berries":6,"minecraft:crossbow":1,"minecraft:firework_rocket":11,"minecraft:bread":125,"minecraft:diamond_sword":462,"minecraft:smithing_table":4,"minecraft:oak_boat":2,"minecraft:bone_meal":6,"minecraft:oak_trapdoor":3,"minecraft:oak_fence":1,"minecraft:stone_shovel":19,"minecraft:spruce_planks":85,"minecraft:cooked_salmon":9,"minecraft:oak_door":2,"minecraft:dirt":277,"minecraft:anvil":1,"minecraft:diamond_helmet":1,"minecraft:iron_hoe":39,"minecraft:dark_oak_planks":36,"minecraft:iron_axe":54,"minecraft:totem_of_undying":1,"minecraft:diamond_chestplate":28,"minecraft:beef":5,"minecraft:cobbled_deepslate":35,"minecraft:golden_axe":34,"minecraft:cooked_mutton":5,"minecraft:deepslate_bricks":25,"minecraft:rail":2,"minecraft:oak_slab":2,"minecraft:crafting_table":9,"minecraft:spruce_log":27,"minecraft:oak_log":4,"minecraft:diamond_pickaxe":351,"minecraft:iron_pickaxe":140,"minecraft:stone_slab":5,"minecraft:spruce_sapling":4,"minecraft:stone_axe":11,"minecraft:cobblestone":29,"minecraft:white_banner":1,"minecraft:cooked_porkchop":1,"minecraft:diamond_leggings":5},"minecraft:dropped":{"minecraft:iron_sword":1,"minecraft:diamond_axe":2,"minecraft:oak_log":25,"minecraft:glow_ink_sac":6,"minecraft:glow_berries":5,"minecraft:leather":8,"minecraft:emerald":62,"minecraft:flint":8,"minecraft:dirt":22,"minecraft:bone":4,"minecraft:stone_axe":1,"minecraft:sugar_cane":2,"minecraft:golden_chestplate":1,"minecraft:cobbled_deepslate":3,"minecraft:oak_planks":64,"minecraft:eye_armor_trim_smithing_template":1,"minecraft:poppy":1,"minecraft:gunpowder":4,"minecraft:arrow":10,"minecraft:beef":1,"minecraft:iron_ingot":13,"minecraft:enchanted_book":2,"minecraft:bread":122,"minecraft:wheat_seeds":13,"minecraft:smithing_table":1,"minecraft:diamond_leggings":5,"minecraft:cobblestone":21,"minecraft:apple":1,"minecraft:granite":2,"minecraft:spruce_button":1,"minecraft:stick":63,"minecraft:oxeye_daisy":2,"minecraft:diorite":13,"minecraft:diamond_helmet":2,"minecraft:dandelion":4,"minecraft:polished_deepslate":40,"minecraft:furnace":1,"minecraft:stone_sword":1,"minecraft:raw_iron":25,"minecraft:stone_shovel":11,"minecraft:iron_hoe":1,"minecraft:deepslate_bricks":12,"minecraft:diamond_chestplate":5,"minecraft:spruce_planks":25,"minecraft:diamond_boots":4,"minecraft:stone_pickaxe":1},"minecraft:killed_by":{"minecraft:evoker":2,"minecraft:creeper":2,"minecraft:ravager":3,"minecraft:vindicator":10,"minecraft:zombie":2,"minecraft:player":5,"minecraft:spider":1,"minecraft:enderman":1,"minecraft:skeleton":5},"minecraft:crafted":{"minecraft:oak_planks":276,"minecraft:cooked_mutton":5,"minecraft:diamond_helmet":3,"minecraft:diamond_leggings":3,"minecraft:iron_boots":1,"minecraft:chest":4,"minecraft:emerald":269,"minecraft:diamond_axe":1,"minecraft:crafting_table":7,"minecraft:spruce_planks":3876,"minecraft:iron_helmet":2,"minecraft:wooden_pickaxe":1,"minecraft:smithing_table":1,"minecraft:iron_chestplate":2,"minecraft:diamond_pickaxe":1,"minecraft:shield":3,"minecraft:stick":7431,"minecraft:iron_ingot":51,"minecraft:iron_pickaxe":1,"minecraft:iron_block":3,"minecraft:stone_sword":1,"minecraft:deepslate_bricks":12,"minecraft:stone_shovel":12,"minecraft:furnace":1,"minecraft:bone_meal":30,"minecraft:polished_deepslate":52,"minecraft:iron_axe":1,"minecraft:iron_hoe":1,"minecraft:stone_pickaxe":1,"minecraft:diamond_boots":3,"minecraft:spruce_boat":1,"minecraft:dark_oak_planks":32,"minecraft:wheat":306,"minecraft:diamond_sword":1,"minecraft:iron_sword":1,"minecraft:stone_axe":1,"minecraft:enchanted_book":1,"minecraft:bread":102,"minecraft:air":0,"minecraft:iron_shovel":7,"minecraft:iron_leggings":3,"minecraft:anvil":1,"minecraft:diamond_chestplate":4},"minecraft:custom":{"minecraft:interact_with_crafting_table":53,"minecraft:open_shulker_box":13,"minecraft:bell_ring":42,"minecraft:leave_game":12,"minecraft:time_since_death":78623,"minecraft:sprint_one_cm":1303499,"minecraft:damage_blocked_by_shield":2194,"minecraft:drop":107,"minecraft:talked_to_villager":181,"minecraft:play_time":457616,"minecraft:deaths":36,"minecraft:jump":9093,"minecraft:walk_on_water_one_cm":38651,"minecraft:interact_with_furnace":45,"minecraft:traded_with_villager":291,"minecraft:sleep_in_bed":20,"minecraft:open_enderchest":4,"minecraft:damage_dealt":32467,"minecraft:player_kills":4,"minecraft:crouch_one_cm":34255,"minecraft:horse_one_cm":146858,"minecraft:mob_kills":153,"minecraft:interact_with_anvil":6,"minecraft:climb_one_cm":707,"minecraft:walk_one_cm":778759,"minecraft:raid_win":2,"minecraft:sneak_time":15370,"minecraft:walk_under_water_one_cm":44023,"minecraft:boat_one_cm":72940,"minecraft:total_world_time":457616,"minecraft:interact_with_grindstone":1,"minecraft:time_since_rest":17738,"minecraft:damage_taken":16163,"minecraft:swim_one_cm":169920,"minecraft:fly_one_cm":1998912,"minecraft:open_chest":154,"minecraft:aviate_one_cm":654746,"minecraft:fall_one_cm":235830},"minecraft:mined":{"minecraft:dark_oak_planks":4,"minecraft:spruce_planks":14,"minecraft:granite":4,"minecraft:grass_block":432,"minecraft:deepslate_bricks":17,"minecraft:tall_seagrass":1,"minecraft:iron_ore":110,"minecraft:cobbled_deepslate":1,"minecraft:fire":11,"minecraft:pumpkin":2,"minecraft:azure_bluet":1,"minecraft:dirt_path":28,"minecraft:oak_stairs":1,"minecraft:white_banner":1,"minecraft:calcite":4,"minecraft:chest":1,"minecraft:cobblestone":12,"minecraft:sugar_cane":276,"minecraft:oak_planks":9,"minecraft:amethyst_block":1,"minecraft:grass":458,"minecraft:oak_log":74,"minecraft:sand":1,"minecraft:dirt":213,"minecraft:smooth_basalt":2,"minecraft:oak_leaves":20,"minecraft:deepslate":95,"minecraft:deepslate_diamond_ore":14,"minecraft:oak_door":1,"minecraft:dark_oak_fence":6,"minecraft:spruce_leaves":22,"minecraft:cartography_table":1,"minecraft:hay_block":34,"minecraft:oak_trapdoor":16,"minecraft:spruce_sapling":1,"minecraft:furnace":2,"minecraft:andesite":2,"minecraft:deepslate_iron_ore":3,"minecraft:vine":2,"minecraft:stone":170,"minecraft:white_wool":2,"minecraft:smithing_table":2,"minecraft:oak_slab":2,"minecraft:lily_of_the_valley":2,"minecraft:spruce_door":6,"minecraft:dandelion":2,"minecraft:oak_fence":3,"minecraft:crafting_table":6,"minecraft:tall_grass":40,"minecraft:copper_ore":1,"minecraft:diorite":42,"minecraft:spruce_log":1020,"minecraft:birch_leaves":3,"minecraft:white_wall_banner":1,"minecraft:coal_ore":50,"minecraft:gravel":4,"minecraft:mossy_stone_bricks":1},"minecraft:killed":{"minecraft:spider":10,"minecraft:skeleton":11,"minecraft:chicken":1,"minecraft:pig":3,"minecraft:iron_golem":1,"minecraft:creeper":7,"minecraft:sheep":8,"minecraft:trader_llama":2,"minecraft:pillager":30,"minecraft:zombie":52,"minecraft:cow":9,"minecraft:evoker":1,"minecraft:vex":4,"minecraft:vindicator":5,"minecraft:ravager":1,"minecraft:enderman":3}},"DataVersion":3465}