{"stats":{"minecraft:picked_up":{"minecraft:shulker_shell":4,"minecraft:iron_chestplate":1,"minecraft:wheat":19,"minecraft:anvil":1,"minecraft:suspicious_stew":5,"minecraft:smithing_table":3,"minecraft:stone_slab":1,"minecraft:diamond_sword":5,"minecraft:enchanted_book":6,"minecraft:golden_sword":1,"minecraft:amethyst_block":3,"minecraft:polished_deepslate":42,"minecraft:string":22,"minecraft:dark_oak_trapdoor":2,"minecraft:diamond_leggings":3,"minecraft:gold_nugget":11,"minecraft:cobbled_deepslate":412,"minecraft:spruce_planks":65,"minecraft:redstone_torch":2,"minecraft:calcite":2,"minecraft:iron_pickaxe":2,"minecraft:furnace":13,"minecraft:stick":363,"minecraft:composter":5,"minecraft:torch":85,"minecraft:porkchop":53,"minecraft:pointed_dripstone":3,"minecraft:golden_chestplate":1,"minecraft:stone_sword":2,"minecraft:rotten_flesh":56,"minecraft:obsidian":10,"minecraft:cod":16,"minecraft:cobblestone":1240,"minecraft:cooked_beef":3,"minecraft:feather":51,"minecraft:lilac":1,"minecraft:magma_cream":3,"minecraft:water_bucket":4,"minecraft:andesite":8,"minecraft:brown_wool":1,"minecraft:golden_leggings":1,"minecraft:potato":4,"minecraft:flint":18,"minecraft:tuff":4,"minecraft:lapis_lazuli":146,"minecraft:dirt":188,"minecraft:bone":45,"minecraft:chipped_anvil":1,"minecraft:bow":2,"minecraft:wheat_seeds":81,"minecraft:raw_gold":29,"minecraft:grindstone":4,"minecraft:fletching_table":19,"minecraft:diamond_helmet":2,"minecraft:glowstone_dust":6,"minecraft:powered_rail":6,"minecraft:oak_planks":49,"minecraft:cooked_porkchop":15,"minecraft:grass_block":34,"minecraft:dark_oak_log":213,"minecraft:shulker_box":1,"minecraft:dispenser":1,"minecraft:diamond":41,"minecraft:spruce_boat":4,"minecraft:lever":3,"minecraft:crossbow":7,"minecraft:granite":21,"minecraft:bone_meal":6,"minecraft:emerald":51,"minecraft:spruce_sign":3,"minecraft:bread":136,"minecraft:netherrack":69,"minecraft:chorus_fruit":113,"minecraft:diamond_pickaxe":4,"minecraft:crafting_table":20,"minecraft:chicken":32,"minecraft:ladder":1,"minecraft:gold_block":2,"minecraft:shield":3,"minecraft:oak_trapdoor":3,"minecraft:elytra":2,"minecraft:cartography_table":1,"minecraft:beef":40,"minecraft:oak_boat":13,"minecraft:iron_nugget":4,"minecraft:poppy":1,"minecraft:light_gray_wool":1,"minecraft:spruce_slab":24,"minecraft:minecart":19,"minecraft:lectern":360,"minecraft:sugar_cane":1288,"minecraft:chest":8,"minecraft:birch_sapling":4,"minecraft:piston":4,"minecraft:spruce_trapdoor":1,"minecraft:phantom_membrane":2,"minecraft:diamond_hoe":3,"minecraft:egg":12,"minecraft:raw_iron":292,"minecraft:end_stone":187,"minecraft:oak_door":5,"minecraft:cookie":108,"minecraft:carrot":165,"minecraft:redstone":151,"minecraft:dark_oak_planks":14,"minecraft:arrow":155,"minecraft:diamond_chestplate":4,"minecraft:cooked_cod":19,"minecraft:deepslate_bricks":128,"minecraft:diamond_boots":5,"minecraft:saddle":4,"minecraft:totem_of_undying":6,"minecraft:mutton":57,"minecraft:rail":74,"minecraft:white_wool":52,"minecraft:dark_oak_button":2,"minecraft:glow_ink_sac":4,"minecraft:salmon":13,"minecraft:leather":18,"minecraft:oak_log":32,"minecraft:golden_boots":1,"minecraft:yellow_bed":1,"minecraft:gunpowder":51,"minecraft:white_banner":7,"minecraft:cooked_mutton":17,"minecraft:podzol":15,"minecraft:apple":1,"minecraft:kelp":1,"minecraft:iron_ingot":75,"minecraft:stone_pickaxe":2,"minecraft:cooked_chicken":16,"minecraft:glass_bottle":2,"minecraft:iron_sword":1,"minecraft:book":72,"minecraft:oak_slab":15,"minecraft:smooth_basalt":2,"minecraft:dark_oak_slab":11,"minecraft:dandelion":2,"minecraft:dripstone_block":5,"minecraft:gravel":172,"minecraft:lava_bucket":2,"minecraft:spruce_sapling":589,"minecraft:white_bed":9,"minecraft:spruce_log":6679,"minecraft:spider_eye":3,"minecraft:dragon_egg":1,"minecraft:firework_rocket":1,"minecraft:diamond_shovel":2,"minecraft:slime_ball":4,"minecraft:stone_axe":4,"minecraft:diamond_axe":15,"minecraft:gray_wool":1,"minecraft:warped_roots":3,"minecraft:warped_nylium":1,"minecraft:stripped_dark_oak_log":1,"minecraft:coal":569,"minecraft:ender_pearl":32},"minecraft:broken":{"minecraft:stone_axe":1,"minecraft:iron_sword":1,"minecraft:iron_axe":1,"minecraft:iron_pickaxe":3,"minecraft:iron_helmet":1},"minecraft:used":{"minecraft:iron_shovel":161,"minecraft:polished_deepslate":2,"minecraft:dispenser":2,"minecraft:poppy":1,"minecraft:chest":13,"minecraft:shield":97,"minecraft:iron_sword":307,"minecraft:carrot":39,"minecraft:obsidian":1,"minecraft:spruce_boat":5,"minecraft:lava_bucket":3,"minecraft:grass_block":3,"minecraft:warped_nylium":1,"minecraft:dark_oak_slab":17,"minecraft:dark_oak_button":3,"minecraft:furnace":18,"minecraft:cooked_cod":12,"minecraft:egg":2,"minecraft:chorus_fruit":3,"minecraft:stone_pickaxe":70,"minecraft:powered_rail":21,"minecraft:oak_planks":10,"minecraft:ender_pearl":9,"minecraft:wooden_pickaxe":3,"minecraft:composter":5,"minecraft:redstone_block":1,"minecraft:sugar_cane":96,"minecraft:diamond_axe":6904,"minecraft:white_wool":3,"minecraft:dark_oak_trapdoor":27,"minecraft:crossbow":40,"minecraft:end_stone":187,"minecraft:redstone_torch":7,"minecraft:lever":3,"minecraft:firework_rocket":34,"minecraft:dark_oak_log":38,"minecraft:bread":45,"minecraft:lectern":365,"minecraft:gravel":133,"minecraft:lilac":1,"minecraft:diamond_sword":690,"minecraft:grindstone":3,"minecraft:smithing_table":1,"minecraft:andesite":4,"minecraft:oak_boat":8,"minecraft:bone_meal":39,"minecraft:golden_pickaxe":38,"minecraft:oak_trapdoor":2,"minecraft:stone_sword":17,"minecraft:spruce_planks":9,"minecraft:cooked_salmon":4,"minecraft:cooked_chicken":14,"minecraft:netherrack":47,"minecraft:oak_door":5,"minecraft:torch":49,"minecraft:dragon_egg":1,"minecraft:anvil":4,"minecraft:dirt":165,"minecraft:diamond_helmet":3,"minecraft:dark_oak_planks":17,"minecraft:chipped_anvil":1,"minecraft:bookshelf":23,"minecraft:iron_axe":333,"minecraft:diamond_chestplate":2,"minecraft:golden_carrot":68,"minecraft:podzol":5,"minecraft:minecart":1,"minecraft:cooked_beef":17,"minecraft:cobbled_deepslate":35,"minecraft:pointed_dripstone":3,"minecraft:wheat_seeds":23,"minecraft:cooked_mutton":31,"minecraft:water_bucket":193,"minecraft:spruce_sign":5,"minecraft:fletching_table":24,"minecraft:deepslate_bricks":392,"minecraft:warped_roots":2,"minecraft:rail":144,"minecraft:oak_slab":28,"minecraft:crafting_table":23,"minecraft:white_bed":12,"minecraft:cod":1,"minecraft:spruce_log":57,"minecraft:piston":5,"minecraft:diamond_pickaxe":1636,"minecraft:diamond_shovel":240,"minecraft:iron_pickaxe":926,"minecraft:suspicious_stew":1,"minecraft:spruce_trapdoor":5,"minecraft:spruce_sapling":561,"minecraft:stone_axe":136,"minecraft:cobblestone":267,"minecraft:cooked_porkchop":34,"minecraft:bucket":200,"minecraft:yellow_bed":1},"minecraft:dropped":{"minecraft:diamond_axe":13,"minecraft:cooked_beef":3,"minecraft:glow_ink_sac":4,"minecraft:ender_pearl":10,"minecraft:diamond":21,"minecraft:cooked_porkchop":4,"minecraft:crossbow":2,"minecraft:cookie":216,"minecraft:warped_roots":1,"minecraft:elytra":1,"minecraft:rail":19,"minecraft:emerald":248,"minecraft:dirt":61,"minecraft:cooked_cod":3,"minecraft:gold_nugget":3,"minecraft:bone_meal":24,"minecraft:iron_pickaxe":1,"minecraft:bone":5,"minecraft:oak_door":3,"minecraft:gravel":1,"minecraft:stone_axe":2,"minecraft:sugar_cane":162,"minecraft:iron_nugget":4,"minecraft:golden_chestplate":1,"minecraft:birch_sapling":2,"minecraft:obsidian":9,"minecraft:rotten_flesh":39,"minecraft:glowstone_dust":6,"minecraft:carrot":30,"minecraft:chainmail_chestplate":12,"minecraft:gunpowder":8,"minecraft:chest":3,"minecraft:ladder":1,"minecraft:arrow":149,"minecraft:podzol":10,"minecraft:netherrack":1,"minecraft:lectern":1,"minecraft:firework_rocket":57,"minecraft:egg":5,"minecraft:water_bucket":5,"minecraft:golden_boots":1,"minecraft:iron_ingot":1,"minecraft:bread":125,"minecraft:oak_slab":5,"minecraft:wheat_seeds":15,"minecraft:smithing_table":2,"minecraft:dripstone_block":5,"minecraft:diamond_leggings":1,"minecraft:feather":32,"minecraft:cobblestone":35,"minecraft:amethyst_block":3,"minecraft:apple":1,"minecraft:granite":21,"minecraft:stick":79,"minecraft:lava_bucket":1,"minecraft:golden_carrot":32,"minecraft:torch":4,"minecraft:cooked_salmon":9,"minecraft:iron_leggings":1,"minecraft:white_banner":1,"minecraft:iron_axe":1,"minecraft:chainmail_leggings":12,"minecraft:string":9,"minecraft:redstone":30,"minecraft:spruce_sapling":3,"minecraft:dandelion":2,"minecraft:smooth_basalt":2,"minecraft:kelp":1,"minecraft:stone_sword":1,"minecraft:bowl":1,"minecraft:tuff":4,"minecraft:diamond_hoe":3,"minecraft:raw_iron":16,"minecraft:light_gray_wool":1,"minecraft:iron_boots":2,"minecraft:stone_slab":1,"minecraft:totem_of_undying":2,"minecraft:shulker_box":3,"minecraft:suspicious_stew":18,"minecraft:diamond_sword":3,"minecraft:shield":1,"minecraft:diamond_chestplate":1,"minecraft:spruce_planks":5,"minecraft:diamond_pickaxe":2,"minecraft:iron_chestplate":3,"minecraft:andesite":4,"minecraft:golden_leggings":1,"minecraft:oak_boat":1,"minecraft:golden_sword":1,"minecraft:spruce_log":49,"minecraft:spider_eye":1,"minecraft:diamond_boots":2,"minecraft:slime_ball":4,"minecraft:bow":1,"minecraft:stone_pickaxe":2,"minecraft:wooden_pickaxe":1,"minecraft:calcite":2},"minecraft:killed_by":{"minecraft:creeper":1,"minecraft:ravager":2,"minecraft:skeleton":2},"minecraft:crafted":{"minecraft:oak_planks":104,"minecraft:cooked_chicken":14,"minecraft:lever":1,"minecraft:diamond_shovel":1,"minecraft:bookshelf":30,"minecraft:shulker_box":2,"minecraft:cooked_mutton":31,"minecraft:suspicious_stew":14,"minecraft:glass":472,"minecraft:diamond_helmet":1,"minecraft:diamond_leggings":1,"minecraft:iron_boots":1,"minecraft:chest":10,"minecraft:rail":96,"minecraft:oak_slab":36,"minecraft:emerald":1750,"minecraft:arrow":384,"minecraft:cooked_porkchop":37,"minecraft:diamond_axe":1,"minecraft:crafting_table":9,"minecraft:spruce_planks":25392,"minecraft:wooden_pickaxe":1,"minecraft:iron_helmet":1,"minecraft:fletching_table":9,"minecraft:dispenser":1,"minecraft:apple":64,"minecraft:spruce_trapdoor":10,"minecraft:lectern":8,"minecraft:dark_oak_slab":12,"minecraft:iron_chestplate":1,"minecraft:book":2,"minecraft:paper":870,"minecraft:diamond_pickaxe":1,"minecraft:shield":2,"minecraft:stick":50048,"minecraft:iron_pickaxe":5,"minecraft:iron_ingot":245,"minecraft:iron_block":9,"minecraft:stone_sword":1,"minecraft:gold_ingot":43,"minecraft:redstone_torch":7,"minecraft:deepslate_bricks":356,"minecraft:golden_carrot":210,"minecraft:oak_door":6,"minecraft:cookie":108,"minecraft:furnace":8,"minecraft:piston":2,"minecraft:dark_oak_trapdoor":26,"minecraft:bone_meal":57,"minecraft:lantern":70,"minecraft:polished_deepslate":316,"minecraft:iron_axe":4,"minecraft:spruce_slab":30,"minecraft:stone_pickaxe":1,"minecraft:spruce_boat":2,"minecraft:redstone_block":1,"minecraft:dark_oak_planks":104,"minecraft:minecart":2,"minecraft:cooked_beef":21,"minecraft:cooked_cod":15,"minecraft:diamond_sword":1,"minecraft:spruce_sign":3,"minecraft:powered_rail":18,"minecraft:iron_sword":2,"minecraft:cooked_salmon":13,"minecraft:bucket":4,"minecraft:dark_oak_button":2,"minecraft:stone_axe":2,"minecraft:enchanted_book":46,"minecraft:bread":156,"minecraft:air":0,"minecraft:oak_boat":1,"minecraft:iron_shovel":1,"minecraft:iron_leggings":1,"minecraft:anvil":3,"minecraft:white_bed":4,"minecraft:torch":128,"minecraft:firework_rocket":135},"minecraft:custom":{"minecraft:interact_with_crafting_table":123,"minecraft:open_shulker_box":34,"minecraft:bell_ring":30,"minecraft:leave_game":27,"minecraft:time_since_death":100535,"minecraft:sprint_one_cm":2557724,"minecraft:damage_blocked_by_shield":4795,"minecraft:drop":286,"minecraft:talked_to_villager":1467,"minecraft:play_time":908411,"minecraft:deaths":7,"minecraft:jump":21950,"minecraft:walk_on_water_one_cm":110149,"minecraft:interact_with_furnace":167,"minecraft:traded_with_villager":2169,"minecraft:sleep_in_bed":67,"minecraft:open_enderchest":12,"minecraft:damage_dealt":65725,"minecraft:player_kills":1,"minecraft:crouch_one_cm":217135,"minecraft:horse_one_cm":1556,"minecraft:inspect_dispenser":33,"minecraft:interact_with_anvil":40,"minecraft:mob_kills":362,"minecraft:climb_one_cm":792,"minecraft:walk_one_cm":1492147,"minecraft:raid_win":4,"minecraft:sneak_time":63195,"minecraft:walk_under_water_one_cm":106863,"minecraft:boat_one_cm":177059,"minecraft:total_world_time":908411,"minecraft:raid_trigger":1,"minecraft:interact_with_grindstone":3,"minecraft:time_since_rest":31417,"minecraft:damage_taken":12515,"minecraft:swim_one_cm":245168,"minecraft:fly_one_cm":5083260,"minecraft:open_chest":669,"minecraft:aviate_one_cm":1051780,"minecraft:fall_one_cm":540544},"minecraft:mined":{"minecraft:dark_oak_planks":14,"minecraft:white_bed":8,"minecraft:spruce_planks":11,"minecraft:spruce_trapdoor":1,"minecraft:obsidian":10,"minecraft:granite":19,"minecraft:grass_block":95,"minecraft:deepslate_bricks":131,"minecraft:composter":5,"minecraft:spawner":1,"minecraft:tall_seagrass":1,"minecraft:dark_oak_trapdoor":2,"minecraft:iron_ore":201,"minecraft:cobbled_deepslate":3,"minecraft:fire":17,"minecraft:anvil":1,"minecraft:deepslate_lapis_ore":9,"minecraft:fletching_table":19,"minecraft:pointed_dripstone":1,"minecraft:dirt_path":4,"minecraft:deepslate_redstone_ore":37,"minecraft:torch":3,"minecraft:calcite":2,"minecraft:poppy":1,"minecraft:chest":3,"minecraft:cobblestone":101,"minecraft:oak_planks":43,"minecraft:sugar_cane":700,"minecraft:grindstone":4,"minecraft:amethyst_block":3,"minecraft:seagrass":1,"minecraft:warped_nylium":1,"minecraft:powered_rail":3,"minecraft:dark_oak_slab":9,"minecraft:wheat":20,"minecraft:lilac":1,"minecraft:grass":224,"minecraft:oak_log":32,"minecraft:dirt":102,"minecraft:smooth_basalt":2,"minecraft:dispenser":1,"minecraft:netherrack":42,"minecraft:piston":4,"minecraft:oak_leaves":9,"minecraft:deepslate":244,"minecraft:tuff":12,"minecraft:dark_oak_leaves":1,"minecraft:deepslate_diamond_ore":40,"minecraft:oak_door":5,"minecraft:dark_oak_log":81,"minecraft:end_stone":192,"minecraft:lever":3,"minecraft:spruce_leaves":340,"minecraft:kelp":1,"minecraft:cartography_table":1,"minecraft:redstone_ore":1,"minecraft:oak_trapdoor":3,"minecraft:spruce_sapling":57,"minecraft:furnace":13,"minecraft:carrots":40,"minecraft:andesite":20,"minecraft:gold_block":2,"minecraft:polished_deepslate":2,"minecraft:bookshelf":23,"minecraft:potatoes":1,"minecraft:deepslate_iron_ore":56,"minecraft:rail":74,"minecraft:chorus_plant":8,"minecraft:stone":1018,"minecraft:white_wool":3,"minecraft:podzol":15,"minecraft:smithing_table":2,"minecraft:oak_slab":9,"minecraft:stripped_dark_oak_log":1,"minecraft:dandelion":3,"minecraft:crafting_table":19,"minecraft:cornflower":1,"minecraft:warped_roots":1,"minecraft:lectern":359,"minecraft:stone_slab":1,"minecraft:tall_grass":73,"minecraft:deepslate_coal_ore":3,"minecraft:deepslate_gold_ore":23,"minecraft:lapis_ore":4,"minecraft:diorite":25,"minecraft:redstone_torch":2,"minecraft:spruce_log":6553,"minecraft:birch_leaves":2,"minecraft:yellow_bed":2,"minecraft:dark_oak_button":2,"minecraft:coal_ore":313,"minecraft:gravel":196,"minecraft:dripstone_block":5,"minecraft:gold_ore":5},"minecraft:killed":{"minecraft:witch":7,"minecraft:spider":12,"minecraft:cod":17,"minecraft:skeleton":46,"minecraft:chicken":18,"minecraft:silverfish":3,"minecraft:piglin":2,"minecraft:pig":22,"minecraft:salmon":13,"minecraft:creeper":20,"minecraft:sheep":22,"minecraft:pillager":36,"minecraft:zombie":86,"minecraft:cow":13,"minecraft:evoker":2,"minecraft:vindicator":11,"minecraft:slime":3,"minecraft:phantom":1,"minecraft:ravager":4,"minecraft:enderman":14}},"DataVersion":3465}