{"stats":{"minecraft:crafted":{"minecraft:oak_planks":64,"minecraft:cooked_chicken":14,"minecraft:furnace":5,"minecraft:piston":2,"minecraft:dark_oak_trapdoor":26,"minecraft:lever":1,"minecraft:bone_meal":9,"minecraft:cooked_mutton":17,"minecraft:iron_boots":1,"minecraft:polished_deepslate":136,"minecraft:iron_axe":2,"minecraft:stone_pickaxe":1,"minecraft:chest":6,"minecraft:redstone_block":1,"minecraft:rail":16,"minecraft:dark_oak_planks":104,"minecraft:minecart":1,"minecraft:cooked_beef":5,"minecraft:cooked_cod":15,"minecraft:oak_slab":36,"minecraft:cooked_porkchop":25,"minecraft:spruce_sign":3,"minecraft:crafting_table":4,"minecraft:spruce_planks":92,"minecraft:wooden_pickaxe":1,"minecraft:iron_helmet":1,"minecraft:iron_sword":1,"minecraft:bucket":1,"minecraft:dark_oak_button":2,"minecraft:stone_axe":2,"minecraft:air":0,"minecraft:dispenser":1,"minecraft:oak_boat":1,"minecraft:dark_oak_slab":12,"minecraft:iron_chestplate":1,"minecraft:shield":1,"minecraft:stick":60,"minecraft:iron_ingot":63,"minecraft:iron_pickaxe":2,"minecraft:stone_sword":1,"minecraft:iron_shovel":1,"minecraft:iron_leggings":1,"minecraft:white_bed":4,"minecraft:torch":128,"minecraft:deepslate_bricks":176},"minecraft:custom":{"minecraft:mob_kills":78,"minecraft:interact_with_crafting_table":55,"minecraft:leave_game":2,"minecraft:time_since_death":113576,"minecraft:climb_one_cm":658,"minecraft:sprint_one_cm":459121,"minecraft:walk_one_cm":236718,"minecraft:damage_blocked_by_shield":1455,"minecraft:drop":34,"minecraft:talked_to_villager":6,"minecraft:play_time":150349,"minecraft:deaths":3,"minecraft:sneak_time":15854,"minecraft:walk_under_water_one_cm":14582,"minecraft:boat_one_cm":86785,"minecraft:jump":3536,"minecraft:walk_on_water_one_cm":22868,"minecraft:total_world_time":150349,"minecraft:interact_with_furnace":67,"minecraft:sleep_in_bed":21,"minecraft:time_since_rest":12235,"minecraft:damage_taken":2364,"minecraft:damage_dealt":7300,"minecraft:swim_one_cm":116839,"minecraft:fly_one_cm":814642,"minecraft:open_chest":57,"minecraft:crouch_one_cm":53571,"minecraft:fall_one_cm":92216,"minecraft:inspect_dispenser":2},"minecraft:used":{"minecraft:oak_trapdoor":2,"minecraft:stone_sword":17,"minecraft:iron_shovel":70,"minecraft:dispenser":2,"minecraft:chest":9,"minecraft:shield":15,"minecraft:iron_sword":105,"minecraft:cooked_chicken":4,"minecraft:torch":47,"minecraft:dirt":56,"minecraft:dark_oak_planks":17,"minecraft:iron_axe":255,"minecraft:dark_oak_slab":15,"minecraft:dark_oak_button":3,"minecraft:furnace":14,"minecraft:cooked_cod":3,"minecraft:egg":2,"minecraft:cooked_beef":2,"minecraft:pointed_dripstone":3,"minecraft:cooked_mutton":9,"minecraft:water_bucket":21,"minecraft:powered_rail":3,"minecraft:stone_pickaxe":70,"minecraft:oak_planks":10,"minecraft:wooden_pickaxe":3,"minecraft:redstone_block":1,"minecraft:composter":1,"minecraft:spruce_sign":5,"minecraft:fletching_table":6,"minecraft:sugar_cane":29,"minecraft:deepslate_bricks":121,"minecraft:dark_oak_trapdoor":11,"minecraft:rail":6,"minecraft:oak_slab":27,"minecraft:crafting_table":13,"minecraft:white_bed":11,"minecraft:cod":1,"minecraft:spruce_log":9,"minecraft:lever":3,"minecraft:piston":5,"minecraft:dark_oak_log":36,"minecraft:iron_pickaxe":336,"minecraft:spruce_sapling":8,"minecraft:stone_axe":136,"minecraft:cobblestone":52,"minecraft:cooked_porkchop":15,"minecraft:bucket":22,"minecraft:yellow_bed":1,"minecraft:oak_boat":8,"minecraft:bone_meal":14},"minecraft:killed_by":{"minecraft:creeper":1,"minecraft:skeleton":2},"minecraft:dropped":{"minecraft:wheat_seeds":4,"minecraft:feather":28,"minecraft:cobblestone":4,"minecraft:torch":2,"minecraft:string":6,"minecraft:bone":2,"minecraft:stone_axe":2,"minecraft:iron_nugget":4,"minecraft:stone_sword":1,"minecraft:birch_sapling":2,"minecraft:rotten_flesh":2,"minecraft:light_gray_wool":1,"minecraft:andesite":3,"minecraft:oak_boat":1,"minecraft:slime_ball":4,"minecraft:arrow":3,"minecraft:stone_pickaxe":2,"minecraft:wooden_pickaxe":1,"minecraft:egg":3},"minecraft:broken":{"minecraft:iron_axe":1,"minecraft:stone_axe":1,"minecraft:iron_pickaxe":1},"minecraft:killed":{"minecraft:spider":2,"minecraft:cod":17,"minecraft:slime":3,"minecraft:skeleton":5,"minecraft:chicken":14,"minecraft:pig":11,"minecraft:creeper":2,"minecraft:sheep":13,"minecraft:zombie":8,"minecraft:cow":3},"minecraft:picked_up":{"minecraft:crafting_table":10,"minecraft:chicken":28,"minecraft:shield":1,"minecraft:polished_deepslate":40,"minecraft:oak_trapdoor":3,"minecraft:string":8,"minecraft:dark_oak_trapdoor":1,"minecraft:cobbled_deepslate":137,"minecraft:spruce_planks":20,"minecraft:beef":5,"minecraft:oak_boat":13,"minecraft:iron_nugget":4,"minecraft:iron_pickaxe":1,"minecraft:light_gray_wool":1,"minecraft:lectern":1,"minecraft:sugar_cane":61,"minecraft:chest":3,"minecraft:birch_sapling":4,"minecraft:piston":4,"minecraft:furnace":9,"minecraft:egg":9,"minecraft:raw_iron":90,"minecraft:stick":24,"minecraft:composter":1,"minecraft:torch":81,"minecraft:porkchop":31,"minecraft:pointed_dripstone":3,"minecraft:redstone":7,"minecraft:dark_oak_planks":13,"minecraft:stone_sword":2,"minecraft:arrow":6,"minecraft:rotten_flesh":3,"minecraft:cooked_cod":19,"minecraft:deepslate_bricks":19,"minecraft:mutton":43,"minecraft:rail":4,"minecraft:cobblestone":260,"minecraft:cod":16,"minecraft:white_wool":42,"minecraft:feather":42,"minecraft:dark_oak_button":2,"minecraft:andesite":3,"minecraft:leather":2,"minecraft:oak_log":22,"minecraft:yellow_bed":1,"minecraft:gunpowder":6,"minecraft:lapis_lazuli":30,"minecraft:dirt":120,"minecraft:cooked_mutton":17,"minecraft:bone":7,"minecraft:bow":1,"minecraft:wheat_seeds":11,"minecraft:iron_ingot":69,"minecraft:stone_pickaxe":2,"minecraft:cooked_chicken":16,"minecraft:fletching_table":6,"minecraft:powered_rail":3,"minecraft:oak_planks":48,"minecraft:iron_sword":1,"minecraft:oak_slab":9,"minecraft:dark_oak_slab":3,"minecraft:cooked_porkchop":14,"minecraft:spruce_sapling":17,"minecraft:white_bed":7,"minecraft:spruce_log":281,"minecraft:dark_oak_log":211,"minecraft:dispenser":1,"minecraft:slime_ball":4,"minecraft:stone_axe":4,"minecraft:lever":3,"minecraft:bone_meal":6,"minecraft:spruce_sign":3,"minecraft:emerald":22,"minecraft:stripped_dark_oak_log":1,"minecraft:coal":339},"minecraft:mined":{"minecraft:dark_oak_planks":13,"minecraft:white_bed":6,"minecraft:dark_oak_leaves":1,"minecraft:dark_oak_log":79,"minecraft:lever":3,"minecraft:grass_block":31,"minecraft:deepslate_bricks":19,"minecraft:spruce_leaves":135,"minecraft:composter":1,"minecraft:oak_trapdoor":3,"minecraft:spruce_sapling":1,"minecraft:furnace":9,"minecraft:dark_oak_trapdoor":1,"minecraft:iron_ore":88,"minecraft:fletching_table":6,"minecraft:pointed_dripstone":1,"minecraft:rail":3,"minecraft:dirt_path":2,"minecraft:stone":104,"minecraft:oak_slab":8,"minecraft:stripped_dark_oak_log":1,"minecraft:crafting_table":9,"minecraft:chest":1,"minecraft:lectern":1,"minecraft:cobblestone":23,"minecraft:tall_grass":22,"minecraft:oak_planks":42,"minecraft:sugar_cane":12,"minecraft:dark_oak_slab":2,"minecraft:spruce_log":151,"minecraft:birch_leaves":2,"minecraft:yellow_bed":2,"minecraft:grass":65,"minecraft:coal_ore":155,"minecraft:oak_log":22,"minecraft:dark_oak_button":2,"minecraft:dirt":46,"minecraft:dispenser":1,"minecraft:piston":4,"minecraft:oak_leaves":7}},"DataVersion":3465}