{"stats":{"minecraft:picked_up":{"minecraft:iron_chestplate":1,"minecraft:wheat":19,"minecraft:suspicious_stew":5,"minecraft:smithing_table":3,"minecraft:diamond_sword":4,"minecraft:enchanted_book":2,"minecraft:golden_sword":1,"minecraft:amethyst_block":3,"minecraft:dark_oak_trapdoor":1,"minecraft:polished_deepslate":42,"minecraft:string":14,"minecraft:diamond_leggings":3,"minecraft:gold_nugget":11,"minecraft:cobbled_deepslate":393,"minecraft:spruce_planks":31,"minecraft:redstone_torch":2,"minecraft:calcite":2,"minecraft:iron_pickaxe":2,"minecraft:furnace":13,"minecraft:stick":276,"minecraft:composter":3,"minecraft:torch":83,"minecraft:porkchop":53,"minecraft:pointed_dripstone":3,"minecraft:stone_sword":2,"minecraft:rotten_flesh":47,"minecraft:cod":16,"minecraft:cobblestone":666,"minecraft:lilac":1,"minecraft:feather":51,"minecraft:cooked_beef":3,"minecraft:magma_cream":3,"minecraft:water_bucket":2,"minecraft:andesite":7,"minecraft:brown_wool":1,"minecraft:potato":4,"minecraft:flint":18,"minecraft:tuff":4,"minecraft:lapis_lazuli":63,"minecraft:dirt":170,"minecraft:chipped_anvil":1,"minecraft:bone":29,"minecraft:bow":2,"minecraft:wheat_seeds":78,"minecraft:raw_gold":29,"minecraft:grindstone":3,"minecraft:diamond_helmet":2,"minecraft:fletching_table":19,"minecraft:glowstone_dust":6,"minecraft:powered_rail":6,"minecraft:oak_planks":49,"minecraft:cooked_porkchop":15,"minecraft:dark_oak_log":213,"minecraft:dispenser":1,"minecraft:spruce_boat":1,"minecraft:diamond":38,"minecraft:lever":3,"minecraft:crossbow":7,"minecraft:granite":17,"minecraft:bone_meal":6,"minecraft:emerald":42,"minecraft:spruce_sign":3,"minecraft:bread":136,"minecraft:netherrack":3,"minecraft:diamond_pickaxe":2,"minecraft:crafting_table":16,"minecraft:chicken":32,"minecraft:gold_block":2,"minecraft:shield":3,"minecraft:oak_trapdoor":3,"minecraft:cartography_table":1,"minecraft:beef":40,"minecraft:oak_boat":13,"minecraft:spruce_slab":24,"minecraft:iron_nugget":4,"minecraft:poppy":1,"minecraft:lectern":219,"minecraft:light_gray_wool":1,"minecraft:minecart":16,"minecraft:sugar_cane":993,"minecraft:chest":6,"minecraft:birch_sapling":4,"minecraft:piston":4,"minecraft:spruce_trapdoor":1,"minecraft:diamond_hoe":3,"minecraft:egg":12,"minecraft:raw_iron":226,"minecraft:oak_door":5,"minecraft:carrot":164,"minecraft:redstone":151,"minecraft:dark_oak_planks":14,"minecraft:cooked_cod":19,"minecraft:arrow":134,"minecraft:diamond_chestplate":3,"minecraft:deepslate_bricks":95,"minecraft:diamond_boots":5,"minecraft:saddle":4,"minecraft:totem_of_undying":6,"minecraft:mutton":57,"minecraft:white_wool":52,"minecraft:rail":74,"minecraft:dark_oak_button":2,"minecraft:glow_ink_sac":4,"minecraft:salmon":13,"minecraft:leather":18,"minecraft:oak_log":32,"minecraft:yellow_bed":1,"minecraft:gunpowder":32,"minecraft:white_banner":7,"minecraft:cooked_mutton":17,"minecraft:apple":1,"minecraft:iron_ingot":70,"minecraft:stone_pickaxe":2,"minecraft:cooked_chicken":16,"minecraft:iron_sword":1,"minecraft:book":22,"minecraft:oak_slab":15,"minecraft:smooth_basalt":2,"minecraft:dark_oak_slab":11,"minecraft:dandelion":2,"minecraft:dripstone_block":5,"minecraft:gravel":172,"minecraft:lava_bucket":2,"minecraft:spruce_sapling":377,"minecraft:white_bed":9,"minecraft:spruce_log":3911,"minecraft:spider_eye":1,"minecraft:diamond_shovel":2,"minecraft:slime_ball":4,"minecraft:stone_axe":4,"minecraft:diamond_axe":12,"minecraft:gray_wool":1,"minecraft:stripped_dark_oak_log":1,"minecraft:coal":439,"minecraft:ender_pearl":1},"minecraft:broken":{"minecraft:stone_axe":1,"minecraft:iron_sword":1,"minecraft:iron_axe":1,"minecraft:iron_pickaxe":3,"minecraft:iron_helmet":1},"minecraft:used":{"minecraft:iron_shovel":161,"minecraft:polished_deepslate":2,"minecraft:dispenser":2,"minecraft:poppy":1,"minecraft:chest":9,"minecraft:shield":97,"minecraft:iron_sword":307,"minecraft:carrot":39,"minecraft:spruce_boat":2,"minecraft:lava_bucket":2,"minecraft:dark_oak_slab":17,"minecraft:dark_oak_button":3,"minecraft:furnace":18,"minecraft:cooked_cod":12,"minecraft:egg":2,"minecraft:stone_pickaxe":70,"minecraft:powered_rail":21,"minecraft:oak_planks":10,"minecraft:wooden_pickaxe":3,"minecraft:composter":3,"minecraft:redstone_block":1,"minecraft:sugar_cane":96,"minecraft:diamond_axe":3906,"minecraft:white_wool":3,"minecraft:dark_oak_trapdoor":26,"minecraft:crossbow":40,"minecraft:redstone_torch":7,"minecraft:lever":3,"minecraft:dark_oak_log":38,"minecraft:bread":45,"minecraft:lectern":222,"minecraft:gravel":133,"minecraft:lilac":1,"minecraft:diamond_sword":535,"minecraft:grindstone":3,"minecraft:smithing_table":1,"minecraft:andesite":4,"minecraft:oak_boat":8,"minecraft:bone_meal":39,"minecraft:golden_pickaxe":38,"minecraft:oak_trapdoor":2,"minecraft:stone_sword":17,"minecraft:spruce_planks":6,"minecraft:cooked_salmon":4,"minecraft:cooked_chicken":14,"minecraft:oak_door":5,"minecraft:torch":47,"minecraft:anvil":1,"minecraft:dirt":128,"minecraft:diamond_helmet":3,"minecraft:dark_oak_planks":17,"minecraft:chipped_anvil":1,"minecraft:bookshelf":7,"minecraft:iron_axe":318,"minecraft:diamond_chestplate":2,"minecraft:golden_carrot":31,"minecraft:minecart":1,"minecraft:cooked_beef":17,"minecraft:cobbled_deepslate":32,"minecraft:pointed_dripstone":3,"minecraft:wheat_seeds":23,"minecraft:cooked_mutton":31,"minecraft:water_bucket":134,"minecraft:spruce_sign":5,"minecraft:fletching_table":24,"minecraft:deepslate_bricks":375,"minecraft:rail":138,"minecraft:oak_slab":28,"minecraft:crafting_table":19,"minecraft:white_bed":12,"minecraft:cod":1,"minecraft:spruce_log":18,"minecraft:piston":5,"minecraft:diamond_pickaxe":654,"minecraft:diamond_shovel":173,"minecraft:suspicious_stew":1,"minecraft:iron_pickaxe":926,"minecraft:spruce_trapdoor":3,"minecraft:spruce_sapling":326,"minecraft:stone_axe":136,"minecraft:cobblestone":250,"minecraft:cooked_porkchop":34,"minecraft:bucket":137,"minecraft:yellow_bed":1},"minecraft:dropped":{"minecraft:diamond_axe":10,"minecraft:cooked_beef":3,"minecraft:glow_ink_sac":4,"minecraft:diamond":21,"minecraft:cooked_porkchop":4,"minecraft:crossbow":2,"minecraft:rail":19,"minecraft:emerald":167,"minecraft:cooked_cod":3,"minecraft:gold_nugget":3,"minecraft:bone_meal":24,"minecraft:iron_pickaxe":1,"minecraft:bone":3,"minecraft:oak_door":3,"minecraft:gravel":1,"minecraft:stone_axe":2,"minecraft:sugar_cane":111,"minecraft:iron_nugget":4,"minecraft:birch_sapling":2,"minecraft:rotten_flesh":30,"minecraft:glowstone_dust":6,"minecraft:chainmail_chestplate":12,"minecraft:chest":3,"minecraft:arrow":132,"minecraft:netherrack":1,"minecraft:lectern":1,"minecraft:egg":5,"minecraft:water_bucket":1,"minecraft:bread":65,"minecraft:oak_slab":5,"minecraft:wheat_seeds":12,"minecraft:smithing_table":2,"minecraft:dripstone_block":5,"minecraft:diamond_leggings":1,"minecraft:feather":32,"minecraft:cobblestone":19,"minecraft:amethyst_block":3,"minecraft:apple":1,"minecraft:granite":17,"minecraft:stick":72,"minecraft:lava_bucket":1,"minecraft:torch":4,"minecraft:cooked_salmon":9,"minecraft:iron_leggings":1,"minecraft:white_banner":1,"minecraft:iron_axe":1,"minecraft:chainmail_leggings":12,"minecraft:string":6,"minecraft:dandelion":2,"minecraft:spruce_sapling":3,"minecraft:smooth_basalt":2,"minecraft:redstone":30,"minecraft:stone_sword":1,"minecraft:bowl":1,"minecraft:tuff":4,"minecraft:diamond_hoe":3,"minecraft:raw_iron":15,"minecraft:light_gray_wool":1,"minecraft:iron_boots":2,"minecraft:totem_of_undying":2,"minecraft:suspicious_stew":11,"minecraft:diamond_sword":2,"minecraft:shield":1,"minecraft:spruce_planks":5,"minecraft:iron_chestplate":3,"minecraft:andesite":3,"minecraft:oak_boat":1,"minecraft:golden_sword":1,"minecraft:spruce_log":14,"minecraft:diamond_boots":2,"minecraft:slime_ball":4,"minecraft:bow":1,"minecraft:stone_pickaxe":2,"minecraft:wooden_pickaxe":1,"minecraft:calcite":2},"minecraft:killed_by":{"minecraft:creeper":1,"minecraft:ravager":2,"minecraft:skeleton":2},"minecraft:crafted":{"minecraft:oak_planks":104,"minecraft:cooked_chicken":14,"minecraft:lever":1,"minecraft:diamond_shovel":1,"minecraft:bookshelf":12,"minecraft:cooked_mutton":31,"minecraft:suspicious_stew":7,"minecraft:diamond_helmet":1,"minecraft:diamond_leggings":1,"minecraft:iron_boots":1,"minecraft:chest":6,"minecraft:rail":96,"minecraft:oak_slab":36,"minecraft:emerald":914,"minecraft:arrow":192,"minecraft:cooked_porkchop":37,"minecraft:diamond_axe":1,"minecraft:crafting_table":7,"minecraft:spruce_planks":13420,"minecraft:wooden_pickaxe":1,"minecraft:iron_helmet":1,"minecraft:fletching_table":9,"minecraft:dispenser":1,"minecraft:spruce_trapdoor":8,"minecraft:lectern":5,"minecraft:dark_oak_slab":12,"minecraft:book":2,"minecraft:iron_chestplate":1,"minecraft:paper":753,"minecraft:diamond_pickaxe":1,"minecraft:shield":2,"minecraft:stick":26632,"minecraft:iron_ingot":213,"minecraft:iron_pickaxe":5,"minecraft:iron_block":3,"minecraft:stone_sword":1,"minecraft:gold_ingot":43,"minecraft:redstone_torch":7,"minecraft:deepslate_bricks":356,"minecraft:golden_carrot":36,"minecraft:oak_door":6,"minecraft:furnace":8,"minecraft:piston":2,"minecraft:dark_oak_trapdoor":26,"minecraft:bone_meal":57,"minecraft:lantern":10,"minecraft:polished_deepslate":316,"minecraft:iron_axe":4,"minecraft:spruce_slab":12,"minecraft:stone_pickaxe":1,"minecraft:spruce_boat":1,"minecraft:redstone_block":1,"minecraft:dark_oak_planks":104,"minecraft:minecart":2,"minecraft:cooked_beef":21,"minecraft:cooked_cod":15,"minecraft:diamond_sword":1,"minecraft:spruce_sign":3,"minecraft:powered_rail":18,"minecraft:iron_sword":2,"minecraft:cooked_salmon":13,"minecraft:bucket":2,"minecraft:dark_oak_button":2,"minecraft:stone_axe":2,"minecraft:enchanted_book":17,"minecraft:bread":96,"minecraft:air":0,"minecraft:oak_boat":1,"minecraft:iron_shovel":1,"minecraft:iron_leggings":1,"minecraft:anvil":1,"minecraft:white_bed":4,"minecraft:torch":128},"minecraft:custom":{"minecraft:interact_with_crafting_table":102,"minecraft:leave_game":10,"minecraft:time_since_death":187712,"minecraft:sprint_one_cm":1895379,"minecraft:damage_blocked_by_shield":4795,"minecraft:drop":199,"minecraft:talked_to_villager":842,"minecraft:play_time":644116,"minecraft:deaths":5,"minecraft:jump":16481,"minecraft:walk_on_water_one_cm":91640,"minecraft:interact_with_furnace":143,"minecraft:traded_with_villager":1001,"minecraft:sleep_in_bed":50,"minecraft:damage_dealt":53524,"minecraft:player_kills":1,"minecraft:crouch_one_cm":145850,"minecraft:inspect_dispenser":28,"minecraft:mob_kills":309,"minecraft:interact_with_anvil":14,"minecraft:climb_one_cm":658,"minecraft:walk_one_cm":1079747,"minecraft:raid_win":4,"minecraft:sneak_time":44534,"minecraft:walk_under_water_one_cm":77036,"minecraft:boat_one_cm":103276,"minecraft:total_world_time":644116,"minecraft:raid_trigger":1,"minecraft:interact_with_grindstone":2,"minecraft:time_since_rest":27,"minecraft:damage_taken":10964,"minecraft:swim_one_cm":211166,"minecraft:fly_one_cm":3741416,"minecraft:open_chest":414,"minecraft:fall_one_cm":401385},"minecraft:mined":{"minecraft:dark_oak_planks":14,"minecraft:spruce_planks":9,"minecraft:white_bed":8,"minecraft:spruce_trapdoor":1,"minecraft:granite":15,"minecraft:grass_block":57,"minecraft:deepslate_bricks":98,"minecraft:composter":3,"minecraft:spawner":1,"minecraft:tall_seagrass":1,"minecraft:dark_oak_trapdoor":1,"minecraft:iron_ore":170,"minecraft:cobbled_deepslate":3,"minecraft:fletching_table":19,"minecraft:deepslate_lapis_ore":5,"minecraft:pointed_dripstone":1,"minecraft:dirt_path":4,"minecraft:deepslate_redstone_ore":37,"minecraft:torch":1,"minecraft:calcite":2,"minecraft:poppy":1,"minecraft:chest":1,"minecraft:cobblestone":74,"minecraft:grindstone":3,"minecraft:sugar_cane":532,"minecraft:oak_planks":43,"minecraft:amethyst_block":3,"minecraft:seagrass":1,"minecraft:powered_rail":3,"minecraft:dark_oak_slab":9,"minecraft:wheat":20,"minecraft:lilac":1,"minecraft:grass":187,"minecraft:oak_log":32,"minecraft:dirt":84,"minecraft:smooth_basalt":2,"minecraft:dispenser":1,"minecraft:piston":4,"minecraft:oak_leaves":9,"minecraft:deepslate":223,"minecraft:tuff":12,"minecraft:dark_oak_leaves":1,"minecraft:deepslate_diamond_ore":39,"minecraft:oak_door":5,"minecraft:dark_oak_log":81,"minecraft:lever":3,"minecraft:spruce_leaves":227,"minecraft:cartography_table":1,"minecraft:redstone_ore":1,"minecraft:oak_trapdoor":3,"minecraft:spruce_sapling":43,"minecraft:furnace":13,"minecraft:carrots":40,"minecraft:andesite":19,"minecraft:gold_block":2,"minecraft:polished_deepslate":2,"minecraft:bookshelf":7,"minecraft:potatoes":1,"minecraft:deepslate_iron_ore":56,"minecraft:rail":74,"minecraft:stone":473,"minecraft:white_wool":3,"minecraft:smithing_table":2,"minecraft:oak_slab":9,"minecraft:stripped_dark_oak_log":1,"minecraft:dandelion":3,"minecraft:crafting_table":15,"minecraft:cornflower":1,"minecraft:lectern":218,"minecraft:tall_grass":68,"minecraft:deepslate_coal_ore":3,"minecraft:lapis_ore":1,"minecraft:deepslate_gold_ore":23,"minecraft:diorite":25,"minecraft:redstone_torch":2,"minecraft:spruce_log":3772,"minecraft:birch_leaves":2,"minecraft:yellow_bed":2,"minecraft:coal_ore":252,"minecraft:dark_oak_button":2,"minecraft:gravel":196,"minecraft:dripstone_block":5,"minecraft:gold_ore":5},"minecraft:killed":{"minecraft:witch":7,"minecraft:spider":10,"minecraft:cod":17,"minecraft:skeleton":34,"minecraft:chicken":18,"minecraft:pig":22,"minecraft:salmon":13,"minecraft:creeper":12,"minecraft:sheep":22,"minecraft:pillager":36,"minecraft:zombie":74,"minecraft:cow":13,"minecraft:evoker":2,"minecraft:vindicator":11,"minecraft:slime":3,"minecraft:ravager":4,"minecraft:enderman":2}},"DataVersion":3465}