{"stats":{"minecraft:crafted":{"minecraft:cooked_cod":10,"minecraft:oak_planks":40,"minecraft:cooked_porkchop":10,"minecraft:crafting_table":2,"minecraft:wooden_pickaxe":1,"minecraft:cooked_chicken":7,"minecraft:iron_sword":1,"minecraft:furnace":2,"minecraft:stone_axe":2,"minecraft:cooked_mutton":9,"minecraft:air":0,"minecraft:oak_boat":1,"minecraft:shield":1,"minecraft:stick":12,"minecraft:iron_ingot":11,"minecraft:iron_pickaxe":1,"minecraft:stone_pickaxe":1,"minecraft:stone_sword":1,"minecraft:white_bed":1,"minecraft:torch":24},"minecraft:custom":{"minecraft:interact_with_furnace":18,"minecraft:mob_kills":60,"minecraft:interact_with_crafting_table":14,"minecraft:leave_game":1,"minecraft:time_since_death":15371,"minecraft:sleep_in_bed":3,"minecraft:climb_one_cm":658,"minecraft:time_since_rest":9916,"minecraft:sprint_one_cm":214739,"minecraft:damage_taken":1300,"minecraft:walk_one_cm":62784,"minecraft:damage_blocked_by_shield":1140,"minecraft:drop":22,"minecraft:damage_dealt":4393,"minecraft:swim_one_cm":114630,"minecraft:fly_one_cm":387293,"minecraft:open_chest":1,"minecraft:crouch_one_cm":14598,"minecraft:play_time":52144,"minecraft:deaths":3,"minecraft:sneak_time":4573,"minecraft:walk_under_water_one_cm":8927,"minecraft:boat_one_cm":48715,"minecraft:jump":1611,"minecraft:walk_on_water_one_cm":16496,"minecraft:total_world_time":52144,"minecraft:fall_one_cm":48216},"minecraft:used":{"minecraft:cooked_mutton":3,"minecraft:stone_sword":17,"minecraft:stone_pickaxe":70,"minecraft:wooden_pickaxe":3,"minecraft:shield":9,"minecraft:iron_sword":41,"minecraft:cooked_chicken":4,"minecraft:torch":22,"minecraft:dirt":6,"minecraft:crafting_table":4,"minecraft:white_bed":2,"minecraft:cod":1,"minecraft:spruce_log":2,"minecraft:iron_pickaxe":129,"minecraft:stone_axe":132,"minecraft:cobblestone":3,"minecraft:furnace":4,"minecraft:cooked_cod":3,"minecraft:cooked_porkchop":4,"minecraft:oak_boat":3},"minecraft:killed_by":{"minecraft:skeleton":2,"minecraft:creeper":1},"minecraft:dropped":{"minecraft:stone_axe":1,"minecraft:wheat_seeds":1,"minecraft:iron_nugget":4,"minecraft:stone_sword":1,"minecraft:birch_sapling":2,"minecraft:feather":14,"minecraft:cobblestone":4,"minecraft:light_gray_wool":1,"minecraft:torch":2,"minecraft:andesite":3,"minecraft:arrow":2,"minecraft:wooden_pickaxe":1,"minecraft:stone_pickaxe":2,"minecraft:string":2,"minecraft:egg":3,"minecraft:bone":2},"minecraft:broken":{"minecraft:stone_axe":1},"minecraft:killed":{"minecraft:pig":10,"minecraft:spider":1,"minecraft:cod":17,"minecraft:skeleton":2,"minecraft:sheep":13,"minecraft:zombie":1,"minecraft:chicken":14,"minecraft:cow":2},"minecraft:picked_up":{"minecraft:crafting_table":4,"minecraft:feather":35,"minecraft:chicken":28,"minecraft:andesite":3,"minecraft:leather":1,"minecraft:oak_log":10,"minecraft:shield":1,"minecraft:gunpowder":4,"minecraft:lapis_lazuli":15,"minecraft:dirt":29,"minecraft:string":4,"minecraft:cooked_mutton":9,"minecraft:bone":4,"minecraft:wheat_seeds":1,"minecraft:beef":2,"minecraft:light_gray_wool":1,"minecraft:iron_ingot":8,"minecraft:cooked_chicken":6,"minecraft:stone_pickaxe":2,"minecraft:oak_boat":6,"minecraft:iron_nugget":4,"minecraft:iron_pickaxe":1,"minecraft:iron_sword":1,"minecraft:sugar_cane":61,"minecraft:birch_sapling":4,"minecraft:oak_planks":9,"minecraft:egg":3,"minecraft:furnace":4,"minecraft:stick":11,"minecraft:raw_iron":16,"minecraft:cooked_porkchop":14,"minecraft:torch":2,"minecraft:porkchop":28,"minecraft:spruce_sapling":12,"minecraft:white_bed":2,"minecraft:spruce_log":178,"minecraft:dark_oak_log":176,"minecraft:stone_sword":2,"minecraft:arrow":4,"minecraft:cooked_cod":7,"minecraft:stone_axe":4,"minecraft:emerald":11,"minecraft:mutton":43,"minecraft:cod":16,"minecraft:coal":187,"minecraft:white_wool":33,"minecraft:cobblestone":172},"minecraft:mined":{"minecraft:white_bed":1,"minecraft:dark_oak_leaves":1,"minecraft:dark_oak_log":44,"minecraft:crafting_table":3,"minecraft:grass_block":7,"minecraft:spruce_leaves":74,"minecraft:sugar_cane":12,"minecraft:spruce_sapling":1,"minecraft:furnace":4,"minecraft:iron_ore":14,"minecraft:spruce_log":46,"minecraft:birch_leaves":2,"minecraft:grass":7,"minecraft:oak_log":10,"minecraft:coal_ore":102,"minecraft:dirt":3,"minecraft:stone":81,"minecraft:oak_leaves":3}},"DataVersion":3465}