{"stats":{"minecraft:picked_up":{"minecraft:iron_chestplate":1,"minecraft:wheat":19,"minecraft:diamond_sword":3,"minecraft:enchanted_book":1,"minecraft:amethyst_block":3,"minecraft:dark_oak_trapdoor":1,"minecraft:polished_deepslate":42,"minecraft:string":14,"minecraft:diamond_leggings":2,"minecraft:cobbled_deepslate":312,"minecraft:spruce_planks":31,"minecraft:redstone_torch":2,"minecraft:calcite":2,"minecraft:iron_pickaxe":1,"minecraft:furnace":13,"minecraft:stick":146,"minecraft:composter":3,"minecraft:torch":82,"minecraft:porkchop":53,"minecraft:pointed_dripstone":3,"minecraft:stone_sword":2,"minecraft:rotten_flesh":39,"minecraft:cod":16,"minecraft:cobblestone":655,"minecraft:feather":51,"minecraft:cooked_beef":3,"minecraft:water_bucket":2,"minecraft:andesite":7,"minecraft:brown_wool":1,"minecraft:potato":4,"minecraft:flint":18,"minecraft:tuff":4,"minecraft:lapis_lazuli":63,"minecraft:dirt":153,"minecraft:bone":25,"minecraft:bow":1,"minecraft:wheat_seeds":72,"minecraft:raw_gold":29,"minecraft:grindstone":2,"minecraft:diamond_helmet":2,"minecraft:fletching_table":16,"minecraft:powered_rail":6,"minecraft:oak_planks":49,"minecraft:cooked_porkchop":15,"minecraft:dark_oak_log":213,"minecraft:dispenser":1,"minecraft:spruce_boat":1,"minecraft:diamond":37,"minecraft:lever":3,"minecraft:crossbow":6,"minecraft:granite":17,"minecraft:bone_meal":6,"minecraft:emerald":41,"minecraft:spruce_sign":3,"minecraft:bread":136,"minecraft:diamond_pickaxe":2,"minecraft:crafting_table":16,"minecraft:chicken":32,"minecraft:gold_block":2,"minecraft:shield":3,"minecraft:oak_trapdoor":3,"minecraft:beef":40,"minecraft:oak_boat":13,"minecraft:iron_nugget":4,"minecraft:poppy":1,"minecraft:lectern":69,"minecraft:light_gray_wool":1,"minecraft:minecart":11,"minecraft:sugar_cane":476,"minecraft:chest":3,"minecraft:birch_sapling":4,"minecraft:piston":4,"minecraft:spruce_trapdoor":1,"minecraft:egg":10,"minecraft:raw_iron":226,"minecraft:oak_door":5,"minecraft:carrot":164,"minecraft:redstone":151,"minecraft:dark_oak_planks":13,"minecraft:cooked_cod":19,"minecraft:arrow":133,"minecraft:diamond_chestplate":3,"minecraft:deepslate_bricks":39,"minecraft:diamond_boots":4,"minecraft:saddle":1,"minecraft:totem_of_undying":2,"minecraft:mutton":57,"minecraft:white_wool":52,"minecraft:rail":72,"minecraft:dark_oak_button":2,"minecraft:glow_ink_sac":4,"minecraft:salmon":13,"minecraft:leather":18,"minecraft:oak_log":32,"minecraft:yellow_bed":1,"minecraft:gunpowder":31,"minecraft:white_banner":6,"minecraft:cooked_mutton":17,"minecraft:apple":1,"minecraft:iron_ingot":70,"minecraft:stone_pickaxe":2,"minecraft:cooked_chicken":16,"minecraft:iron_sword":1,"minecraft:book":4,"minecraft:oak_slab":10,"minecraft:smooth_basalt":2,"minecraft:dark_oak_slab":11,"minecraft:dripstone_block":5,"minecraft:gravel":172,"minecraft:spruce_sapling":147,"minecraft:white_bed":8,"minecraft:spruce_log":1219,"minecraft:spider_eye":1,"minecraft:diamond_shovel":2,"minecraft:slime_ball":4,"minecraft:stone_axe":4,"minecraft:diamond_axe":4,"minecraft:gray_wool":1,"minecraft:stripped_dark_oak_log":1,"minecraft:coal":439,"minecraft:ender_pearl":1},"minecraft:broken":{"minecraft:stone_axe":1,"minecraft:iron_sword":1,"minecraft:iron_axe":1,"minecraft:iron_pickaxe":3,"minecraft:iron_helmet":1},"minecraft:used":{"minecraft:iron_shovel":161,"minecraft:polished_deepslate":2,"minecraft:dispenser":2,"minecraft:poppy":1,"minecraft:chest":9,"minecraft:shield":86,"minecraft:iron_sword":307,"minecraft:carrot":39,"minecraft:spruce_boat":2,"minecraft:dark_oak_slab":17,"minecraft:dark_oak_button":3,"minecraft:furnace":18,"minecraft:cooked_cod":12,"minecraft:egg":2,"minecraft:stone_pickaxe":70,"minecraft:powered_rail":21,"minecraft:oak_planks":10,"minecraft:wooden_pickaxe":3,"minecraft:composter":3,"minecraft:redstone_block":1,"minecraft:sugar_cane":92,"minecraft:diamond_axe":1071,"minecraft:white_wool":3,"minecraft:dark_oak_trapdoor":17,"minecraft:crossbow":39,"minecraft:redstone_torch":7,"minecraft:lever":3,"minecraft:dark_oak_log":38,"minecraft:bread":36,"minecraft:lectern":70,"minecraft:gravel":133,"minecraft:diamond_sword":401,"minecraft:grindstone":1,"minecraft:andesite":4,"minecraft:oak_boat":8,"minecraft:bone_meal":39,"minecraft:golden_pickaxe":38,"minecraft:oak_trapdoor":2,"minecraft:stone_sword":17,"minecraft:spruce_planks":6,"minecraft:cooked_salmon":4,"minecraft:cooked_chicken":14,"minecraft:oak_door":5,"minecraft:torch":47,"minecraft:dirt":96,"minecraft:diamond_helmet":2,"minecraft:dark_oak_planks":17,"minecraft:bookshelf":1,"minecraft:iron_axe":270,"minecraft:diamond_chestplate":1,"minecraft:minecart":1,"minecraft:cooked_beef":17,"minecraft:cobbled_deepslate":32,"minecraft:pointed_dripstone":3,"minecraft:wheat_seeds":23,"minecraft:cooked_mutton":31,"minecraft:water_bucket":124,"minecraft:spruce_sign":5,"minecraft:fletching_table":20,"minecraft:deepslate_bricks":304,"minecraft:rail":126,"minecraft:oak_slab":28,"minecraft:crafting_table":19,"minecraft:white_bed":11,"minecraft:cod":1,"minecraft:spruce_log":12,"minecraft:piston":5,"minecraft:diamond_pickaxe":506,"minecraft:diamond_shovel":162,"minecraft:iron_pickaxe":926,"minecraft:spruce_trapdoor":3,"minecraft:spruce_sapling":123,"minecraft:stone_axe":136,"minecraft:cobblestone":211,"minecraft:cooked_porkchop":34,"minecraft:bucket":126,"minecraft:yellow_bed":1},"minecraft:dropped":{"minecraft:diamond_axe":2,"minecraft:cooked_beef":3,"minecraft:glow_ink_sac":4,"minecraft:diamond":21,"minecraft:cooked_porkchop":4,"minecraft:crossbow":1,"minecraft:emerald":87,"minecraft:cooked_cod":3,"minecraft:bone_meal":24,"minecraft:bone":3,"minecraft:oak_door":3,"minecraft:gravel":1,"minecraft:stone_axe":2,"minecraft:sugar_cane":111,"minecraft:iron_nugget":4,"minecraft:birch_sapling":2,"minecraft:rotten_flesh":24,"minecraft:arrow":131,"minecraft:egg":3,"minecraft:water_bucket":1,"minecraft:bread":36,"minecraft:wheat_seeds":8,"minecraft:dripstone_block":5,"minecraft:feather":32,"minecraft:cobblestone":19,"minecraft:amethyst_block":3,"minecraft:apple":1,"minecraft:granite":17,"minecraft:stick":43,"minecraft:torch":2,"minecraft:cooked_salmon":9,"minecraft:iron_leggings":1,"minecraft:string":6,"minecraft:spruce_sapling":3,"minecraft:smooth_basalt":2,"minecraft:redstone":30,"minecraft:stone_sword":1,"minecraft:tuff":4,"minecraft:raw_iron":15,"minecraft:light_gray_wool":1,"minecraft:iron_boots":1,"minecraft:shield":1,"minecraft:spruce_planks":5,"minecraft:iron_chestplate":3,"minecraft:andesite":3,"minecraft:oak_boat":1,"minecraft:diamond_boots":1,"minecraft:slime_ball":4,"minecraft:stone_pickaxe":2,"minecraft:wooden_pickaxe":1,"minecraft:calcite":2},"minecraft:killed_by":{"minecraft:creeper":1,"minecraft:ravager":2,"minecraft:skeleton":2},"minecraft:crafted":{"minecraft:oak_planks":104,"minecraft:cooked_chicken":14,"minecraft:lever":1,"minecraft:diamond_shovel":1,"minecraft:bookshelf":3,"minecraft:cooked_mutton":31,"minecraft:diamond_helmet":1,"minecraft:diamond_leggings":1,"minecraft:iron_boots":1,"minecraft:chest":6,"minecraft:rail":96,"minecraft:oak_slab":36,"minecraft:emerald":281,"minecraft:arrow":192,"minecraft:cooked_porkchop":37,"minecraft:diamond_axe":1,"minecraft:crafting_table":7,"minecraft:spruce_planks":4088,"minecraft:wooden_pickaxe":1,"minecraft:iron_helmet":1,"minecraft:fletching_table":9,"minecraft:dispenser":1,"minecraft:spruce_trapdoor":8,"minecraft:lectern":2,"minecraft:dark_oak_slab":12,"minecraft:iron_chestplate":1,"minecraft:paper":240,"minecraft:diamond_pickaxe":1,"minecraft:shield":2,"minecraft:stick":7968,"minecraft:iron_ingot":180,"minecraft:iron_pickaxe":5,"minecraft:stone_sword":1,"minecraft:gold_ingot":43,"minecraft:redstone_torch":7,"minecraft:deepslate_bricks":276,"minecraft:oak_door":6,"minecraft:furnace":8,"minecraft:piston":2,"minecraft:dark_oak_trapdoor":26,"minecraft:bone_meal":57,"minecraft:lantern":10,"minecraft:polished_deepslate":236,"minecraft:iron_axe":2,"minecraft:spruce_slab":12,"minecraft:stone_pickaxe":1,"minecraft:spruce_boat":1,"minecraft:redstone_block":1,"minecraft:dark_oak_planks":104,"minecraft:minecart":2,"minecraft:cooked_beef":21,"minecraft:cooked_cod":15,"minecraft:diamond_sword":1,"minecraft:spruce_sign":3,"minecraft:powered_rail":18,"minecraft:iron_sword":2,"minecraft:cooked_salmon":13,"minecraft:bucket":2,"minecraft:dark_oak_button":2,"minecraft:stone_axe":2,"minecraft:enchanted_book":2,"minecraft:bread":96,"minecraft:air":0,"minecraft:oak_boat":1,"minecraft:iron_shovel":1,"minecraft:iron_leggings":1,"minecraft:white_bed":4,"minecraft:torch":128},"minecraft:custom":{"minecraft:interact_with_crafting_table":95,"minecraft:leave_game":10,"minecraft:time_since_death":37712,"minecraft:sprint_one_cm":1437705,"minecraft:damage_blocked_by_shield":3680,"minecraft:drop":103,"minecraft:talked_to_villager":262,"minecraft:play_time":494116,"minecraft:deaths":5,"minecraft:jump":12719,"minecraft:walk_on_water_one_cm":86955,"minecraft:interact_with_furnace":125,"minecraft:traded_with_villager":325,"minecraft:sleep_in_bed":39,"minecraft:damage_dealt":44768,"minecraft:player_kills":1,"minecraft:crouch_one_cm":117184,"minecraft:inspect_dispenser":19,"minecraft:mob_kills":279,"minecraft:interact_with_anvil":3,"minecraft:climb_one_cm":658,"minecraft:walk_one_cm":769466,"minecraft:raid_win":2,"minecraft:sneak_time":36299,"minecraft:walk_under_water_one_cm":72833,"minecraft:boat_one_cm":103276,"minecraft:total_world_time":494116,"minecraft:raid_trigger":1,"minecraft:time_since_rest":9118,"minecraft:damage_taken":8649,"minecraft:swim_one_cm":207072,"minecraft:fly_one_cm":2882120,"minecraft:open_chest":278,"minecraft:fall_one_cm":325759},"minecraft:mined":{"minecraft:dark_oak_planks":13,"minecraft:spruce_planks":9,"minecraft:white_bed":7,"minecraft:spruce_trapdoor":1,"minecraft:granite":15,"minecraft:grass_block":53,"minecraft:deepslate_bricks":39,"minecraft:composter":3,"minecraft:spawner":1,"minecraft:tall_seagrass":1,"minecraft:dark_oak_trapdoor":1,"minecraft:iron_ore":170,"minecraft:cobbled_deepslate":3,"minecraft:fletching_table":16,"minecraft:deepslate_lapis_ore":5,"minecraft:pointed_dripstone":1,"minecraft:dirt_path":4,"minecraft:deepslate_redstone_ore":37,"minecraft:torch":1,"minecraft:calcite":2,"minecraft:poppy":1,"minecraft:chest":1,"minecraft:cobblestone":73,"minecraft:grindstone":2,"minecraft:sugar_cane":234,"minecraft:oak_planks":43,"minecraft:amethyst_block":3,"minecraft:seagrass":1,"minecraft:powered_rail":3,"minecraft:dark_oak_slab":9,"minecraft:wheat":20,"minecraft:grass":130,"minecraft:oak_log":32,"minecraft:dirt":71,"minecraft:smooth_basalt":2,"minecraft:dispenser":1,"minecraft:piston":4,"minecraft:oak_leaves":9,"minecraft:deepslate":147,"minecraft:tuff":12,"minecraft:dark_oak_leaves":1,"minecraft:deepslate_diamond_ore":38,"minecraft:oak_door":5,"minecraft:dark_oak_log":81,"minecraft:lever":3,"minecraft:spruce_leaves":165,"minecraft:redstone_ore":1,"minecraft:oak_trapdoor":3,"minecraft:spruce_sapling":25,"minecraft:furnace":13,"minecraft:carrots":40,"minecraft:andesite":19,"minecraft:gold_block":2,"minecraft:polished_deepslate":2,"minecraft:bookshelf":1,"minecraft:potatoes":1,"minecraft:deepslate_iron_ore":56,"minecraft:rail":72,"minecraft:stone":465,"minecraft:white_wool":3,"minecraft:oak_slab":9,"minecraft:stripped_dark_oak_log":1,"minecraft:crafting_table":15,"minecraft:lectern":68,"minecraft:tall_grass":62,"minecraft:deepslate_coal_ore":3,"minecraft:lapis_ore":1,"minecraft:deepslate_gold_ore":23,"minecraft:diorite":25,"minecraft:redstone_torch":2,"minecraft:spruce_log":1099,"minecraft:birch_leaves":2,"minecraft:yellow_bed":2,"minecraft:coal_ore":252,"minecraft:dark_oak_button":2,"minecraft:gravel":196,"minecraft:dripstone_block":5,"minecraft:gold_ore":5},"minecraft:killed":{"minecraft:witch":3,"minecraft:spider":10,"minecraft:cod":17,"minecraft:skeleton":32,"minecraft:chicken":18,"minecraft:pig":22,"minecraft:salmon":13,"minecraft:creeper":12,"minecraft:sheep":22,"minecraft:pillager":27,"minecraft:zombie":66,"minecraft:cow":12,"minecraft:evoker":1,"minecraft:vindicator":8,"minecraft:slime":3,"minecraft:ravager":3,"minecraft:enderman":2}},"DataVersion":3465}