{"stats":{"minecraft:picked_up":{"minecraft:iron_chestplate":1,"minecraft:wheat":19,"minecraft:anvil":1,"minecraft:suspicious_stew":5,"minecraft:smithing_table":3,"minecraft:diamond_sword":4,"minecraft:enchanted_book":3,"minecraft:golden_sword":1,"minecraft:amethyst_block":3,"minecraft:polished_deepslate":42,"minecraft:string":14,"minecraft:dark_oak_trapdoor":2,"minecraft:diamond_leggings":3,"minecraft:gold_nugget":11,"minecraft:cobbled_deepslate":393,"minecraft:spruce_planks":64,"minecraft:redstone_torch":2,"minecraft:calcite":2,"minecraft:iron_pickaxe":2,"minecraft:furnace":13,"minecraft:stick":336,"minecraft:composter":5,"minecraft:torch":83,"minecraft:porkchop":53,"minecraft:pointed_dripstone":3,"minecraft:stone_sword":2,"minecraft:rotten_flesh":47,"minecraft:cod":16,"minecraft:cobblestone":693,"minecraft:cooked_beef":3,"minecraft:feather":51,"minecraft:lilac":1,"minecraft:magma_cream":3,"minecraft:water_bucket":4,"minecraft:andesite":7,"minecraft:brown_wool":1,"minecraft:potato":4,"minecraft:flint":18,"minecraft:tuff":4,"minecraft:lapis_lazuli":63,"minecraft:dirt":172,"minecraft:bone":31,"minecraft:chipped_anvil":1,"minecraft:bow":2,"minecraft:wheat_seeds":80,"minecraft:raw_gold":29,"minecraft:grindstone":4,"minecraft:fletching_table":19,"minecraft:diamond_helmet":2,"minecraft:glowstone_dust":6,"minecraft:powered_rail":6,"minecraft:oak_planks":49,"minecraft:cooked_porkchop":15,"minecraft:dark_oak_log":213,"minecraft:dispenser":1,"minecraft:diamond":38,"minecraft:spruce_boat":1,"minecraft:lever":3,"minecraft:crossbow":7,"minecraft:granite":17,"minecraft:bone_meal":6,"minecraft:emerald":51,"minecraft:spruce_sign":3,"minecraft:bread":136,"minecraft:netherrack":5,"minecraft:diamond_pickaxe":2,"minecraft:crafting_table":17,"minecraft:chicken":32,"minecraft:gold_block":2,"minecraft:shield":3,"minecraft:oak_trapdoor":3,"minecraft:cartography_table":1,"minecraft:beef":40,"minecraft:oak_boat":13,"minecraft:minecart":19,"minecraft:iron_nugget":4,"minecraft:poppy":1,"minecraft:light_gray_wool":1,"minecraft:spruce_slab":24,"minecraft:lectern":360,"minecraft:sugar_cane":1110,"minecraft:chest":6,"minecraft:birch_sapling":4,"minecraft:piston":4,"minecraft:spruce_trapdoor":1,"minecraft:diamond_hoe":3,"minecraft:egg":12,"minecraft:raw_iron":291,"minecraft:oak_door":5,"minecraft:cookie":108,"minecraft:carrot":165,"minecraft:redstone":151,"minecraft:dark_oak_planks":14,"minecraft:arrow":140,"minecraft:diamond_chestplate":4,"minecraft:cooked_cod":19,"minecraft:deepslate_bricks":126,"minecraft:diamond_boots":5,"minecraft:saddle":4,"minecraft:totem_of_undying":6,"minecraft:mutton":57,"minecraft:rail":74,"minecraft:white_wool":52,"minecraft:dark_oak_button":2,"minecraft:glow_ink_sac":4,"minecraft:salmon":13,"minecraft:leather":18,"minecraft:oak_log":32,"minecraft:yellow_bed":1,"minecraft:gunpowder":32,"minecraft:white_banner":7,"minecraft:cooked_mutton":17,"minecraft:apple":1,"minecraft:iron_ingot":74,"minecraft:stone_pickaxe":2,"minecraft:cooked_chicken":16,"minecraft:glass_bottle":2,"minecraft:iron_sword":1,"minecraft:book":72,"minecraft:oak_slab":15,"minecraft:smooth_basalt":2,"minecraft:dark_oak_slab":11,"minecraft:dandelion":2,"minecraft:dripstone_block":5,"minecraft:gravel":172,"minecraft:lava_bucket":2,"minecraft:spruce_sapling":499,"minecraft:white_bed":9,"minecraft:spruce_log":5779,"minecraft:spider_eye":1,"minecraft:diamond_shovel":2,"minecraft:slime_ball":4,"minecraft:stone_axe":4,"minecraft:diamond_axe":13,"minecraft:gray_wool":1,"minecraft:stripped_dark_oak_log":1,"minecraft:coal":566,"minecraft:ender_pearl":2},"minecraft:broken":{"minecraft:stone_axe":1,"minecraft:iron_sword":1,"minecraft:iron_axe":1,"minecraft:iron_pickaxe":3,"minecraft:iron_helmet":1},"minecraft:used":{"minecraft:iron_shovel":161,"minecraft:polished_deepslate":2,"minecraft:dispenser":2,"minecraft:poppy":1,"minecraft:chest":11,"minecraft:shield":97,"minecraft:iron_sword":307,"minecraft:carrot":39,"minecraft:spruce_boat":2,"minecraft:lava_bucket":3,"minecraft:dark_oak_slab":17,"minecraft:dark_oak_button":3,"minecraft:furnace":18,"minecraft:cooked_cod":12,"minecraft:egg":2,"minecraft:stone_pickaxe":70,"minecraft:powered_rail":21,"minecraft:oak_planks":10,"minecraft:wooden_pickaxe":3,"minecraft:composter":5,"minecraft:redstone_block":1,"minecraft:sugar_cane":96,"minecraft:diamond_axe":5991,"minecraft:white_wool":3,"minecraft:dark_oak_trapdoor":27,"minecraft:crossbow":40,"minecraft:redstone_torch":7,"minecraft:lever":3,"minecraft:dark_oak_log":38,"minecraft:bread":45,"minecraft:lectern":365,"minecraft:gravel":133,"minecraft:lilac":1,"minecraft:diamond_sword":555,"minecraft:grindstone":3,"minecraft:smithing_table":1,"minecraft:andesite":4,"minecraft:oak_boat":8,"minecraft:bone_meal":39,"minecraft:golden_pickaxe":38,"minecraft:oak_trapdoor":2,"minecraft:stone_sword":17,"minecraft:spruce_planks":7,"minecraft:cooked_salmon":4,"minecraft:cooked_chicken":14,"minecraft:oak_door":5,"minecraft:torch":47,"minecraft:anvil":4,"minecraft:dirt":161,"minecraft:diamond_helmet":3,"minecraft:dark_oak_planks":17,"minecraft:chipped_anvil":1,"minecraft:bookshelf":23,"minecraft:iron_axe":318,"minecraft:diamond_chestplate":2,"minecraft:golden_carrot":41,"minecraft:minecart":1,"minecraft:cooked_beef":17,"minecraft:cobbled_deepslate":32,"minecraft:pointed_dripstone":3,"minecraft:wheat_seeds":23,"minecraft:cooked_mutton":31,"minecraft:water_bucket":154,"minecraft:spruce_sign":5,"minecraft:fletching_table":24,"minecraft:deepslate_bricks":392,"minecraft:rail":144,"minecraft:oak_slab":28,"minecraft:crafting_table":20,"minecraft:white_bed":12,"minecraft:cod":1,"minecraft:spruce_log":33,"minecraft:piston":5,"minecraft:diamond_pickaxe":807,"minecraft:diamond_shovel":173,"minecraft:iron_pickaxe":926,"minecraft:suspicious_stew":1,"minecraft:spruce_trapdoor":3,"minecraft:spruce_sapling":458,"minecraft:stone_axe":136,"minecraft:cobblestone":254,"minecraft:cooked_porkchop":34,"minecraft:bucket":161,"minecraft:yellow_bed":1},"minecraft:dropped":{"minecraft:diamond_axe":12,"minecraft:cooked_beef":3,"minecraft:glow_ink_sac":4,"minecraft:diamond":21,"minecraft:cooked_porkchop":4,"minecraft:crossbow":2,"minecraft:cookie":216,"minecraft:rail":19,"minecraft:emerald":248,"minecraft:dirt":54,"minecraft:cooked_cod":3,"minecraft:gold_nugget":3,"minecraft:bone_meal":24,"minecraft:iron_pickaxe":1,"minecraft:bone":5,"minecraft:oak_door":3,"minecraft:gravel":1,"minecraft:stone_axe":2,"minecraft:sugar_cane":111,"minecraft:iron_nugget":4,"minecraft:birch_sapling":2,"minecraft:rotten_flesh":30,"minecraft:glowstone_dust":6,"minecraft:carrot":30,"minecraft:chainmail_chestplate":12,"minecraft:chest":3,"minecraft:arrow":135,"minecraft:netherrack":1,"minecraft:lectern":1,"minecraft:egg":5,"minecraft:water_bucket":5,"minecraft:bread":125,"minecraft:oak_slab":5,"minecraft:wheat_seeds":14,"minecraft:smithing_table":2,"minecraft:dripstone_block":5,"minecraft:diamond_leggings":1,"minecraft:feather":32,"minecraft:cobblestone":19,"minecraft:amethyst_block":3,"minecraft:apple":1,"minecraft:granite":17,"minecraft:stick":72,"minecraft:lava_bucket":1,"minecraft:torch":4,"minecraft:cooked_salmon":9,"minecraft:iron_leggings":1,"minecraft:white_banner":1,"minecraft:iron_axe":1,"minecraft:chainmail_leggings":12,"minecraft:string":6,"minecraft:redstone":30,"minecraft:spruce_sapling":3,"minecraft:dandelion":2,"minecraft:smooth_basalt":2,"minecraft:stone_sword":1,"minecraft:bowl":1,"minecraft:tuff":4,"minecraft:diamond_hoe":3,"minecraft:raw_iron":15,"minecraft:light_gray_wool":1,"minecraft:iron_boots":2,"minecraft:totem_of_undying":2,"minecraft:suspicious_stew":18,"minecraft:diamond_sword":2,"minecraft:shield":1,"minecraft:diamond_chestplate":1,"minecraft:spruce_planks":5,"minecraft:iron_chestplate":3,"minecraft:andesite":3,"minecraft:oak_boat":1,"minecraft:golden_sword":1,"minecraft:spruce_log":14,"minecraft:slime_ball":4,"minecraft:diamond_boots":2,"minecraft:bow":1,"minecraft:stone_pickaxe":2,"minecraft:wooden_pickaxe":1,"minecraft:calcite":2},"minecraft:killed_by":{"minecraft:creeper":1,"minecraft:ravager":2,"minecraft:skeleton":2},"minecraft:crafted":{"minecraft:oak_planks":104,"minecraft:cooked_chicken":14,"minecraft:lever":1,"minecraft:diamond_shovel":1,"minecraft:bookshelf":30,"minecraft:cooked_mutton":31,"minecraft:suspicious_stew":14,"minecraft:glass":336,"minecraft:diamond_helmet":1,"minecraft:diamond_leggings":1,"minecraft:iron_boots":1,"minecraft:chest":8,"minecraft:rail":96,"minecraft:oak_slab":36,"minecraft:emerald":1548,"minecraft:arrow":384,"minecraft:cooked_porkchop":37,"minecraft:diamond_axe":1,"minecraft:crafting_table":9,"minecraft:spruce_planks":22188,"minecraft:wooden_pickaxe":1,"minecraft:iron_helmet":1,"minecraft:fletching_table":9,"minecraft:dispenser":1,"minecraft:apple":64,"minecraft:spruce_trapdoor":8,"minecraft:lectern":8,"minecraft:dark_oak_slab":12,"minecraft:iron_chestplate":1,"minecraft:book":2,"minecraft:paper":753,"minecraft:diamond_pickaxe":1,"minecraft:shield":2,"minecraft:stick":43640,"minecraft:iron_ingot":245,"minecraft:iron_pickaxe":5,"minecraft:iron_block":9,"minecraft:stone_sword":1,"minecraft:gold_ingot":43,"minecraft:redstone_torch":7,"minecraft:deepslate_bricks":356,"minecraft:golden_carrot":147,"minecraft:oak_door":6,"minecraft:cookie":108,"minecraft:furnace":8,"minecraft:piston":2,"minecraft:dark_oak_trapdoor":26,"minecraft:bone_meal":57,"minecraft:lantern":70,"minecraft:polished_deepslate":316,"minecraft:iron_axe":4,"minecraft:spruce_slab":30,"minecraft:stone_pickaxe":1,"minecraft:spruce_boat":1,"minecraft:redstone_block":1,"minecraft:dark_oak_planks":104,"minecraft:minecart":2,"minecraft:cooked_beef":21,"minecraft:cooked_cod":15,"minecraft:diamond_sword":1,"minecraft:spruce_sign":3,"minecraft:powered_rail":18,"minecraft:iron_sword":2,"minecraft:cooked_salmon":13,"minecraft:bucket":4,"minecraft:dark_oak_button":2,"minecraft:stone_axe":2,"minecraft:enchanted_book":38,"minecraft:bread":156,"minecraft:air":0,"minecraft:oak_boat":1,"minecraft:iron_shovel":1,"minecraft:iron_leggings":1,"minecraft:anvil":3,"minecraft:white_bed":4,"minecraft:torch":128},"minecraft:custom":{"minecraft:interact_with_crafting_table":113,"minecraft:leave_game":13,"minecraft:time_since_death":92101,"minecraft:sprint_one_cm":2185220,"minecraft:damage_blocked_by_shield":4795,"minecraft:drop":241,"minecraft:talked_to_villager":1412,"minecraft:play_time":761153,"minecraft:deaths":6,"minecraft:jump":18620,"minecraft:walk_on_water_one_cm":92905,"minecraft:interact_with_furnace":162,"minecraft:traded_with_villager":1904,"minecraft:sleep_in_bed":60,"minecraft:damage_dealt":54910,"minecraft:player_kills":1,"minecraft:crouch_one_cm":165662,"minecraft:inspect_dispenser":33,"minecraft:interact_with_anvil":34,"minecraft:mob_kills":315,"minecraft:climb_one_cm":658,"minecraft:walk_one_cm":1281497,"minecraft:raid_win":4,"minecraft:sneak_time":50931,"minecraft:walk_under_water_one_cm":79311,"minecraft:boat_one_cm":103276,"minecraft:total_world_time":761153,"minecraft:raid_trigger":1,"minecraft:interact_with_grindstone":3,"minecraft:time_since_rest":5578,"minecraft:damage_taken":11266,"minecraft:swim_one_cm":214047,"minecraft:fly_one_cm":4205346,"minecraft:open_chest":564,"minecraft:fall_one_cm":442620},"minecraft:mined":{"minecraft:dark_oak_planks":14,"minecraft:white_bed":8,"minecraft:spruce_planks":10,"minecraft:spruce_trapdoor":1,"minecraft:granite":15,"minecraft:grass_block":58,"minecraft:deepslate_bricks":129,"minecraft:composter":5,"minecraft:spawner":1,"minecraft:tall_seagrass":1,"minecraft:dark_oak_trapdoor":2,"minecraft:iron_ore":201,"minecraft:cobbled_deepslate":3,"minecraft:fletching_table":19,"minecraft:deepslate_lapis_ore":5,"minecraft:anvil":1,"minecraft:pointed_dripstone":1,"minecraft:dirt_path":4,"minecraft:deepslate_redstone_ore":37,"minecraft:torch":1,"minecraft:calcite":2,"minecraft:poppy":1,"minecraft:chest":1,"minecraft:cobblestone":76,"minecraft:grindstone":4,"minecraft:sugar_cane":603,"minecraft:oak_planks":43,"minecraft:amethyst_block":3,"minecraft:seagrass":1,"minecraft:powered_rail":3,"minecraft:dark_oak_slab":9,"minecraft:wheat":20,"minecraft:lilac":1,"minecraft:grass":202,"minecraft:oak_log":32,"minecraft:dirt":85,"minecraft:smooth_basalt":2,"minecraft:dispenser":1,"minecraft:netherrack":2,"minecraft:piston":4,"minecraft:oak_leaves":9,"minecraft:deepslate":223,"minecraft:tuff":12,"minecraft:dark_oak_leaves":1,"minecraft:deepslate_diamond_ore":39,"minecraft:oak_door":5,"minecraft:dark_oak_log":81,"minecraft:lever":3,"minecraft:spruce_leaves":282,"minecraft:cartography_table":1,"minecraft:redstone_ore":1,"minecraft:oak_trapdoor":3,"minecraft:spruce_sapling":47,"minecraft:furnace":13,"minecraft:carrots":40,"minecraft:andesite":19,"minecraft:gold_block":2,"minecraft:polished_deepslate":2,"minecraft:bookshelf":23,"minecraft:potatoes":1,"minecraft:deepslate_iron_ore":56,"minecraft:rail":74,"minecraft:stone":497,"minecraft:white_wool":3,"minecraft:smithing_table":2,"minecraft:oak_slab":9,"minecraft:stripped_dark_oak_log":1,"minecraft:dandelion":3,"minecraft:crafting_table":16,"minecraft:cornflower":1,"minecraft:lectern":359,"minecraft:tall_grass":69,"minecraft:deepslate_coal_ore":3,"minecraft:lapis_ore":1,"minecraft:deepslate_gold_ore":23,"minecraft:diorite":25,"minecraft:redstone_torch":2,"minecraft:spruce_log":5645,"minecraft:birch_leaves":2,"minecraft:yellow_bed":2,"minecraft:dark_oak_button":2,"minecraft:coal_ore":313,"minecraft:gravel":196,"minecraft:dripstone_block":5,"minecraft:gold_ore":5},"minecraft:killed":{"minecraft:witch":7,"minecraft:spider":10,"minecraft:cod":17,"minecraft:skeleton":37,"minecraft:chicken":18,"minecraft:pig":22,"minecraft:salmon":13,"minecraft:creeper":13,"minecraft:sheep":22,"minecraft:pillager":36,"minecraft:zombie":75,"minecraft:cow":13,"minecraft:evoker":2,"minecraft:vindicator":11,"minecraft:slime":3,"minecraft:ravager":4,"minecraft:enderman":3}},"DataVersion":3465}