{"stats":{"minecraft:crafted":{"minecraft:cooked_beef":3,"minecraft:oak_planks":60,"minecraft:cooked_porkchop":5,"minecraft:crafting_table":3,"minecraft:spruce_planks":28,"minecraft:wooden_pickaxe":3,"minecraft:furnace":2,"minecraft:stone_axe":3,"minecraft:air":0,"minecraft:oak_boat":2,"minecraft:stick":24,"minecraft:stone_pickaxe":3,"minecraft:stone_sword":3},"minecraft:custom":{"minecraft:interact_with_furnace":10,"minecraft:mob_kills":17,"minecraft:interact_with_crafting_table":9,"minecraft:leave_game":1,"minecraft:time_since_death":4346,"minecraft:climb_one_cm":297,"minecraft:time_since_rest":4374,"minecraft:sprint_one_cm":75843,"minecraft:damage_taken":1395,"minecraft:walk_one_cm":97531,"minecraft:drop":3,"minecraft:damage_dealt":2252,"minecraft:swim_one_cm":32753,"minecraft:fly_one_cm":149356,"minecraft:open_chest":6,"minecraft:crouch_one_cm":3595,"minecraft:play_time":40728,"minecraft:deaths":3,"minecraft:sneak_time":1757,"minecraft:walk_under_water_one_cm":5177,"minecraft:boat_one_cm":300964,"minecraft:jump":766,"minecraft:walk_on_water_one_cm":7826,"minecraft:total_world_time":40728,"minecraft:fall_one_cm":28380},"minecraft:used":{"minecraft:stone_sword":24,"minecraft:stone_pickaxe":22,"minecraft:wooden_pickaxe":65,"minecraft:rotten_flesh":1,"minecraft:dirt":5,"minecraft:crafting_table":5,"minecraft:spruce_log":1,"minecraft:apple":1,"minecraft:spruce_sapling":6,"minecraft:stone_axe":41,"minecraft:oak_sapling":5,"minecraft:furnace":2,"minecraft:cooked_porkchop":3,"minecraft:oak_boat":6,"minecraft:cooked_beef":3},"minecraft:killed_by":{"minecraft:skeleton":2,"minecraft:spider":1},"minecraft:dropped":{"minecraft:stone_axe":1,"minecraft:filled_map":1,"minecraft:lily_pad":1},"minecraft:killed":{"minecraft:pig":3,"minecraft:spider":1,"minecraft:skeleton":1,"minecraft:sheep":8,"minecraft:zombie":2,"minecraft:cow":1},"minecraft:picked_up":{"minecraft:crafting_table":5,"minecraft:leather":1,"minecraft:oak_log":17,"minecraft:lily_pad":1,"minecraft:dirt":5,"minecraft:bone":2,"minecraft:apple":2,"minecraft:spruce_planks":24,"minecraft:beef":3,"minecraft:oak_boat":5,"minecraft:light_gray_wool":1,"minecraft:oak_planks":2,"minecraft:furnace":2,"minecraft:stick":5,"minecraft:raw_iron":2,"minecraft:pumpkin":1,"minecraft:porkchop":5,"minecraft:spruce_sapling":6,"minecraft:spruce_log":16,"minecraft:arrow":1,"minecraft:rotten_flesh":4,"minecraft:stone_axe":1,"minecraft:oak_sapling":7,"minecraft:black_wool":1,"minecraft:mutton":11,"minecraft:coal":13,"minecraft:white_wool":6,"minecraft:cobblestone":54},"minecraft:mined":{"minecraft:crafting_table":5,"minecraft:grass_block":2,"minecraft:spruce_leaves":9,"minecraft:tall_seagrass":1,"minecraft:furnace":2,"minecraft:iron_ore":2,"minecraft:spruce_log":16,"minecraft:pumpkin":1,"minecraft:oak_log":17,"minecraft:coal_ore":13,"minecraft:dirt":3,"minecraft:stone":54,"minecraft:oak_leaves":10}},"DataVersion":3465}