{"stats":{"minecraft:crafted":{"minecraft:cooked_beef":15,"minecraft:oak_planks":100,"minecraft:cooked_porkchop":15,"minecraft:crafting_table":3,"minecraft:spruce_planks":28,"minecraft:wooden_pickaxe":3,"minecraft:cooked_chicken":2,"minecraft:furnace":3,"minecraft:stone_axe":3,"minecraft:air":0,"minecraft:oak_boat":3,"minecraft:shield":1,"minecraft:stick":24,"minecraft:iron_ingot":3,"minecraft:stone_pickaxe":3,"minecraft:stone_sword":3},"minecraft:custom":{"minecraft:interact_with_furnace":27,"minecraft:mob_kills":43,"minecraft:interact_with_crafting_table":14,"minecraft:leave_game":3,"minecraft:time_since_death":21206,"minecraft:climb_one_cm":875,"minecraft:time_since_rest":21234,"minecraft:sprint_one_cm":148805,"minecraft:damage_taken":2170,"minecraft:walk_one_cm":137363,"minecraft:drop":5,"minecraft:damage_dealt":4386,"minecraft:talked_to_villager":1,"minecraft:swim_one_cm":34701,"minecraft:fly_one_cm":295850,"minecraft:open_chest":6,"minecraft:crouch_one_cm":4914,"minecraft:play_time":63691,"minecraft:deaths":5,"minecraft:sneak_time":2187,"minecraft:walk_under_water_one_cm":6366,"minecraft:boat_one_cm":362189,"minecraft:jump":1365,"minecraft:walk_on_water_one_cm":10215,"minecraft:total_world_time":63691,"minecraft:fall_one_cm":52005},"minecraft:used":{"minecraft:diorite":3,"minecraft:stone_sword":68,"minecraft:stone_pickaxe":73,"minecraft:wooden_pickaxe":65,"minecraft:rotten_flesh":4,"minecraft:dirt":8,"minecraft:crafting_table":9,"minecraft:spruce_log":1,"minecraft:apple":1,"minecraft:spruce_sapling":6,"minecraft:stone_axe":60,"minecraft:cobblestone":21,"minecraft:furnace":4,"minecraft:oak_sapling":5,"minecraft:cooked_porkchop":5,"minecraft:andesite":6,"minecraft:oak_boat":8,"minecraft:cooked_beef":6},"minecraft:killed_by":{"minecraft:skeleton":4,"minecraft:spider":1},"minecraft:dropped":{"minecraft:stone_axe":1,"minecraft:wheat_seeds":1,"minecraft:filled_map":1,"minecraft:beef":1,"minecraft:lily_pad":1},"minecraft:killed":{"minecraft:pig":10,"minecraft:spider":1,"minecraft:slime":4,"minecraft:skeleton":1,"minecraft:sheep":11,"minecraft:zombie":2,"minecraft:chicken":2,"minecraft:cow":11},"minecraft:picked_up":{"minecraft:crafting_table":10,"minecraft:feather":2,"minecraft:chicken":2,"minecraft:andesite":6,"minecraft:leather":12,"minecraft:wooden_pickaxe":2,"minecraft:oak_log":27,"minecraft:lily_pad":1,"minecraft:dirt":8,"minecraft:bone":6,"minecraft:apple":2,"minecraft:wheat_seeds":1,"minecraft:spruce_planks":24,"minecraft:beef":24,"minecraft:stone_pickaxe":1,"minecraft:oak_boat":7,"minecraft:light_gray_wool":1,"minecraft:oak_planks":28,"minecraft:furnace":3,"minecraft:stick":9,"minecraft:raw_iron":5,"minecraft:pumpkin":1,"minecraft:porkchop":17,"minecraft:spruce_sapling":6,"minecraft:diorite":3,"minecraft:spruce_log":16,"minecraft:stone_sword":2,"minecraft:arrow":2,"minecraft:rotten_flesh":4,"minecraft:slime_ball":2,"minecraft:stone_axe":3,"minecraft:oak_sapling":7,"minecraft:black_wool":1,"minecraft:mutton":16,"minecraft:coal":21,"minecraft:white_wool":8,"minecraft:cobblestone":89},"minecraft:mined":{"minecraft:crafting_table":8,"minecraft:grass_block":3,"minecraft:tall_grass":1,"minecraft:cobblestone":2,"minecraft:spruce_leaves":9,"minecraft:diorite":3,"minecraft:tall_seagrass":1,"minecraft:furnace":3,"minecraft:iron_ore":5,"minecraft:spruce_log":16,"minecraft:andesite":6,"minecraft:pumpkin":1,"minecraft:grass":8,"minecraft:oak_log":27,"minecraft:coal_ore":21,"minecraft:dirt":5,"minecraft:stone":79,"minecraft:oak_leaves":11}},"DataVersion":3465}