{"stats":{"minecraft:crafted":{"minecraft:cooked_beef":29,"minecraft:oak_planks":104,"minecraft:stone_shovel":1,"minecraft:cooked_porkchop":17,"minecraft:crafting_table":3,"minecraft:spruce_planks":28,"minecraft:iron_helmet":1,"minecraft:wooden_pickaxe":3,"minecraft:cooked_chicken":2,"minecraft:iron_sword":1,"minecraft:furnace":3,"minecraft:fletching_table":1,"minecraft:bucket":1,"minecraft:bone_meal":6,"minecraft:stone_axe":3,"minecraft:cooked_mutton":4,"minecraft:air":0,"minecraft:oak_boat":3,"minecraft:iron_boots":1,"minecraft:iron_chestplate":1,"minecraft:shield":1,"minecraft:stick":32,"minecraft:iron_ingot":17,"minecraft:iron_pickaxe":1,"minecraft:stone_pickaxe":3,"minecraft:stone_sword":3,"minecraft:chest":2,"minecraft:iron_leggings":1},"minecraft:custom":{"minecraft:interact_with_furnace":48,"minecraft:mob_kills":46,"minecraft:interact_with_crafting_table":27,"minecraft:leave_game":3,"minecraft:time_since_death":45206,"minecraft:sleep_in_bed":1,"minecraft:climb_one_cm":875,"minecraft:time_since_rest":15369,"minecraft:sprint_one_cm":201342,"minecraft:damage_taken":2611,"minecraft:walk_one_cm":195400,"minecraft:damage_blocked_by_shield":209,"minecraft:drop":16,"minecraft:damage_dealt":6640,"minecraft:talked_to_villager":4,"minecraft:swim_one_cm":34701,"minecraft:fly_one_cm":452181,"minecraft:open_chest":24,"minecraft:crouch_one_cm":6418,"minecraft:play_time":87691,"minecraft:deaths":5,"minecraft:sneak_time":2934,"minecraft:walk_under_water_one_cm":6736,"minecraft:boat_one_cm":362189,"minecraft:jump":2005,"minecraft:walk_on_water_one_cm":10977,"minecraft:total_world_time":87691,"minecraft:fall_one_cm":67347},"minecraft:used":{"minecraft:diorite":3,"minecraft:stone_sword":101,"minecraft:stone_shovel":51,"minecraft:stone_pickaxe":75,"minecraft:oak_planks":5,"minecraft:shield":16,"minecraft:chest":2,"minecraft:wooden_pickaxe":65,"minecraft:iron_sword":1,"minecraft:fletching_table":2,"minecraft:rotten_flesh":4,"minecraft:dirt":17,"minecraft:crafting_table":10,"minecraft:spruce_log":1,"minecraft:apple":1,"minecraft:bread":3,"minecraft:spruce_sapling":6,"minecraft:gravel":28,"minecraft:stone_axe":85,"minecraft:cobblestone":21,"minecraft:furnace":6,"minecraft:oak_sapling":5,"minecraft:cooked_porkchop":7,"minecraft:andesite":6,"minecraft:oak_boat":8,"minecraft:cooked_beef":9},"minecraft:killed_by":{"minecraft:skeleton":4,"minecraft:spider":1},"minecraft:dropped":{"minecraft:stone_axe":1,"minecraft:wheat_seeds":3,"minecraft:cooked_beef":5,"minecraft:iron_helmet":1,"minecraft:cobblestone":5,"minecraft:filled_map":1,"minecraft:poppy":1,"minecraft:bone_meal":6,"minecraft:beef":1,"minecraft:lily_pad":1},"minecraft:killed":{"minecraft:pig":11,"minecraft:spider":1,"minecraft:iron_golem":2,"minecraft:slime":4,"minecraft:skeleton":1,"minecraft:sheep":11,"minecraft:zombie":2,"minecraft:chicken":2,"minecraft:cow":11},"minecraft:picked_up":{"minecraft:crafting_table":11,"minecraft:feather":2,"minecraft:chicken":2,"minecraft:andesite":6,"minecraft:leather":12,"minecraft:wooden_pickaxe":2,"minecraft:flint":2,"minecraft:oak_log":36,"minecraft:lily_pad":1,"minecraft:golden_boots":1,"minecraft:dirt":35,"minecraft:bone":6,"minecraft:apple":2,"minecraft:cobbled_deepslate":3,"minecraft:wheat_seeds":6,"minecraft:spruce_planks":24,"minecraft:iron_ingot":19,"minecraft:beef":30,"minecraft:stone_pickaxe":1,"minecraft:oak_boat":7,"minecraft:fletching_table":1,"minecraft:poppy":4,"minecraft:light_gray_wool":1,"minecraft:oak_planks":33,"minecraft:furnace":6,"minecraft:golden_helmet":1,"minecraft:stick":9,"minecraft:raw_iron":30,"minecraft:pumpkin":1,"minecraft:gravel":28,"minecraft:porkchop":20,"minecraft:spruce_sapling":6,"minecraft:diorite":3,"minecraft:spruce_log":16,"minecraft:golden_chestplate":1,"minecraft:stone_sword":2,"minecraft:arrow":3,"minecraft:rotten_flesh":4,"minecraft:slime_ball":2,"minecraft:stone_axe":3,"minecraft:iron_helmet":1,"minecraft:bread":29,"minecraft:oak_sapling":7,"minecraft:black_wool":1,"minecraft:mutton":16,"minecraft:coal":21,"minecraft:white_wool":15,"minecraft:cobblestone":89},"minecraft:mined":{"minecraft:crafting_table":9,"minecraft:grass_block":27,"minecraft:tall_grass":1,"minecraft:cobblestone":2,"minecraft:spruce_leaves":9,"minecraft:oak_planks":5,"minecraft:diorite":3,"minecraft:tall_seagrass":1,"minecraft:furnace":5,"minecraft:iron_ore":5,"minecraft:spruce_log":16,"minecraft:andesite":6,"minecraft:pumpkin":1,"minecraft:fletching_table":1,"minecraft:grass":18,"minecraft:oak_log":36,"minecraft:coal_ore":21,"minecraft:gravel":30,"minecraft:dirt":7,"minecraft:stone":79,"minecraft:oak_leaves":20}},"DataVersion":3465}