{"stats":{"minecraft:crafted":{"minecraft:cooked_beef":8,"minecraft:oak_planks":80,"minecraft:cooked_porkchop":11,"minecraft:crafting_table":3,"minecraft:spruce_planks":28,"minecraft:wooden_pickaxe":3,"minecraft:furnace":3,"minecraft:stone_axe":3,"minecraft:air":0,"minecraft:oak_boat":3,"minecraft:stick":24,"minecraft:stone_pickaxe":3,"minecraft:stone_sword":3},"minecraft:custom":{"minecraft:interact_with_furnace":21,"minecraft:mob_kills":37,"minecraft:interact_with_crafting_table":12,"minecraft:leave_game":1,"minecraft:time_since_death":10243,"minecraft:climb_one_cm":875,"minecraft:time_since_rest":10271,"minecraft:sprint_one_cm":118659,"minecraft:damage_taken":2130,"minecraft:walk_one_cm":124599,"minecraft:drop":3,"minecraft:damage_dealt":3786,"minecraft:swim_one_cm":34701,"minecraft:fly_one_cm":217154,"minecraft:open_chest":6,"minecraft:crouch_one_cm":4296,"minecraft:play_time":52728,"minecraft:deaths":5,"minecraft:sneak_time":1961,"minecraft:walk_under_water_one_cm":6366,"minecraft:boat_one_cm":362189,"minecraft:jump":1038,"minecraft:walk_on_water_one_cm":10215,"minecraft:total_world_time":52728,"minecraft:fall_one_cm":43498},"minecraft:used":{"minecraft:stone_sword":52,"minecraft:stone_pickaxe":29,"minecraft:wooden_pickaxe":65,"minecraft:rotten_flesh":4,"minecraft:dirt":5,"minecraft:crafting_table":9,"minecraft:spruce_log":1,"minecraft:apple":1,"minecraft:spruce_sapling":6,"minecraft:stone_axe":54,"minecraft:cobblestone":2,"minecraft:oak_sapling":5,"minecraft:furnace":4,"minecraft:cooked_porkchop":5,"minecraft:oak_boat":8,"minecraft:cooked_beef":5},"minecraft:killed_by":{"minecraft:skeleton":4,"minecraft:spider":1},"minecraft:dropped":{"minecraft:stone_axe":1,"minecraft:filled_map":1,"minecraft:lily_pad":1},"minecraft:killed":{"minecraft:pig":6,"minecraft:spider":1,"minecraft:slime":4,"minecraft:skeleton":1,"minecraft:sheep":11,"minecraft:zombie":2,"minecraft:chicken":2,"minecraft:cow":9},"minecraft:picked_up":{"minecraft:crafting_table":10,"minecraft:feather":2,"minecraft:chicken":2,"minecraft:leather":9,"minecraft:wooden_pickaxe":2,"minecraft:oak_log":22,"minecraft:lily_pad":1,"minecraft:dirt":5,"minecraft:bone":6,"minecraft:apple":2,"minecraft:spruce_planks":24,"minecraft:beef":19,"minecraft:stone_pickaxe":1,"minecraft:oak_boat":7,"minecraft:light_gray_wool":1,"minecraft:oak_planks":28,"minecraft:furnace":3,"minecraft:stick":9,"minecraft:raw_iron":2,"minecraft:pumpkin":1,"minecraft:porkchop":11,"minecraft:spruce_sapling":6,"minecraft:spruce_log":16,"minecraft:stone_sword":2,"minecraft:arrow":2,"minecraft:rotten_flesh":4,"minecraft:slime_ball":2,"minecraft:stone_axe":3,"minecraft:oak_sapling":7,"minecraft:black_wool":1,"minecraft:mutton":16,"minecraft:coal":17,"minecraft:white_wool":8,"minecraft:cobblestone":64},"minecraft:mined":{"minecraft:crafting_table":8,"minecraft:grass_block":2,"minecraft:spruce_leaves":9,"minecraft:tall_seagrass":1,"minecraft:furnace":3,"minecraft:iron_ore":2,"minecraft:spruce_log":16,"minecraft:pumpkin":1,"minecraft:grass":7,"minecraft:oak_log":22,"minecraft:coal_ore":17,"minecraft:dirt":3,"minecraft:stone":56,"minecraft:oak_leaves":10}},"DataVersion":3465}