{"stats":{"minecraft:crafted":{"minecraft:oak_boat":1,"minecraft:oak_planks":24,"minecraft:cooked_porkchop":5,"minecraft:crafting_table":1,"minecraft:spruce_planks":28,"minecraft:stick":8,"minecraft:wooden_pickaxe":1,"minecraft:stone_pickaxe":1,"minecraft:stone_sword":1,"minecraft:furnace":1,"minecraft:stone_axe":1,"minecraft:air":0},"minecraft:custom":{"minecraft:time_since_rest":2030,"minecraft:interact_with_furnace":8,"minecraft:sprint_one_cm":27725,"minecraft:damage_taken":575,"minecraft:walk_one_cm":35537,"minecraft:mob_kills":8,"minecraft:drop":1,"minecraft:damage_dealt":1028,"minecraft:swim_one_cm":6396,"minecraft:interact_with_crafting_table":4,"minecraft:fly_one_cm":48233,"minecraft:open_chest":1,"minecraft:crouch_one_cm":1585,"minecraft:play_time":16728,"minecraft:deaths":1,"minecraft:sneak_time":610,"minecraft:walk_under_water_one_cm":163,"minecraft:boat_one_cm":64109,"minecraft:jump":344,"minecraft:walk_on_water_one_cm":3035,"minecraft:leave_game":1,"minecraft:time_since_death":1996,"minecraft:total_world_time":16728,"minecraft:climb_one_cm":297,"minecraft:fall_one_cm":15063},"minecraft:used":{"minecraft:stone_sword":10,"minecraft:apple":1,"minecraft:stone_pickaxe":19,"minecraft:wooden_pickaxe":30,"minecraft:spruce_sapling":5,"minecraft:stone_axe":16,"minecraft:crafting_table":2,"minecraft:furnace":1,"minecraft:oak_sapling":2,"minecraft:cooked_porkchop":3,"minecraft:oak_boat":2},"minecraft:killed_by":{"minecraft:skeleton":1},"minecraft:dropped":{"minecraft:lily_pad":1},"minecraft:killed":{"minecraft:sheep":4,"minecraft:pig":3},"minecraft:picked_up":{"minecraft:stick":4,"minecraft:crafting_table":2,"minecraft:porkchop":5,"minecraft:lily_pad":1,"minecraft:oak_log":6,"minecraft:spruce_sapling":5,"minecraft:spruce_log":7,"minecraft:apple":1,"minecraft:spruce_planks":24,"minecraft:oak_boat":1,"minecraft:light_gray_wool":1,"minecraft:oak_sapling":3,"minecraft:black_wool":1,"minecraft:mutton":5,"minecraft:coal":13,"minecraft:white_wool":2,"minecraft:cobblestone":21,"minecraft:furnace":1},"minecraft:mined":{"minecraft:furnace":1,"minecraft:spruce_log":7,"minecraft:crafting_table":2,"minecraft:coal_ore":13,"minecraft:oak_log":6,"minecraft:spruce_leaves":2,"minecraft:stone":21,"minecraft:oak_leaves":2}},"DataVersion":3465}