{"stats":{"minecraft:picked_up":{"minecraft:wooden_axe":1,"minecraft:crafting_table":11,"minecraft:chicken":2,"minecraft:wooden_pickaxe":2,"minecraft:pink_wool":1,"minecraft:shield":1,"minecraft:string":7,"minecraft:dark_oak_trapdoor":1,"minecraft:cobbled_deepslate":140,"minecraft:spruce_planks":24,"minecraft:beef":38,"minecraft:oak_boat":7,"minecraft:poppy":5,"minecraft:light_gray_wool":1,"minecraft:sugar_cane":63,"minecraft:furnace":6,"minecraft:golden_helmet":1,"minecraft:stick":11,"minecraft:raw_iron":108,"minecraft:torch":1,"minecraft:porkchop":20,"minecraft:diorite":3,"minecraft:redstone":128,"minecraft:golden_chestplate":2,"minecraft:stone_sword":2,"minecraft:arrow":4,"minecraft:rotten_flesh":19,"minecraft:deepslate_bricks":3,"minecraft:mutton":16,"minecraft:white_wool":15,"minecraft:cobblestone":186,"minecraft:feather":2,"minecraft:cooked_beef":10,"minecraft:andesite":19,"minecraft:leather":12,"minecraft:flint":4,"minecraft:tuff":7,"minecraft:oak_log":36,"minecraft:lily_pad":1,"minecraft:yellow_bed":1,"minecraft:golden_boots":1,"minecraft:lapis_lazuli":46,"minecraft:dirt":73,"minecraft:bone":8,"minecraft:apple":2,"minecraft:wheat_seeds":25,"minecraft:raw_gold":3,"minecraft:stone_pickaxe":1,"minecraft:iron_ingot":23,"minecraft:fletching_table":2,"minecraft:oak_planks":58,"minecraft:oak_slab":5,"minecraft:pumpkin":1,"minecraft:gravel":46,"minecraft:amethyst_shard":4,"minecraft:spruce_sapling":16,"minecraft:white_bed":1,"minecraft:spruce_log":204,"minecraft:slime_ball":2,"minecraft:diamond":1,"minecraft:stone_axe":3,"minecraft:iron_helmet":1,"minecraft:granite":9,"minecraft:spruce_sign":1,"minecraft:bread":29,"minecraft:oak_sapling":7,"minecraft:melon_seeds":5,"minecraft:black_wool":1,"minecraft:coal":33,"minecraft:ender_pearl":1},"minecraft:broken":{"minecraft:stone_pickaxe":1,"minecraft:iron_pickaxe":1},"minecraft:used":{"minecraft:stone_sword":101,"minecraft:stone_shovel":98,"minecraft:chest":3,"minecraft:shield":25,"minecraft:iron_sword":100,"minecraft:rotten_flesh":4,"minecraft:torch":1,"minecraft:dirt":58,"minecraft:iron_axe":231,"minecraft:oak_sapling":5,"minecraft:furnace":6,"minecraft:cooked_beef":19,"minecraft:cooked_mutton":3,"minecraft:water_bucket":8,"minecraft:diorite":3,"minecraft:oak_planks":8,"minecraft:stone_pickaxe":188,"minecraft:wooden_pickaxe":65,"minecraft:spruce_sign":2,"minecraft:fletching_table":4,"minecraft:dark_oak_trapdoor":1,"minecraft:crafting_table":11,"minecraft:white_bed":1,"minecraft:spruce_log":1,"minecraft:apple":1,"minecraft:bread":12,"minecraft:iron_pickaxe":302,"minecraft:spruce_sapling":16,"minecraft:gravel":40,"minecraft:stone_axe":91,"minecraft:cobblestone":157,"minecraft:cooked_porkchop":7,"minecraft:andesite":6,"minecraft:bucket":9,"minecraft:yellow_bed":1,"minecraft:oak_boat":8},"minecraft:dropped":{"minecraft:iron_ingot":6,"minecraft:wheat_seeds":19,"minecraft:cooked_beef":5,"minecraft:iron_helmet":1,"minecraft:cobblestone":5,"minecraft:stick":2,"minecraft:wooden_axe":1,"minecraft:bone_meal":6,"minecraft:lily_pad":1,"minecraft:stone_axe":1,"minecraft:golden_chestplate":1,"minecraft:cobbled_deepslate":137,"minecraft:rotten_flesh":2,"minecraft:deepslate_bricks":3,"minecraft:filled_map":1,"minecraft:poppy":2,"minecraft:shield":1,"minecraft:melon_seeds":5,"minecraft:pink_wool":1,"minecraft:powered_rail":3,"minecraft:beef":1},"minecraft:killed_by":{"minecraft:spider":1,"minecraft:skeleton":4},"minecraft:crafted":{"minecraft:oak_planks":136,"minecraft:stone_shovel":2,"minecraft:cooked_chicken":2,"minecraft:furnace":3,"minecraft:bone_meal":6,"minecraft:cooked_mutton":4,"minecraft:iron_boots":1,"minecraft:iron_axe":1,"minecraft:stone_pickaxe":3,"minecraft:chest":3,"minecraft:spruce_boat":1,"minecraft:cooked_beef":34,"minecraft:emerald":22,"minecraft:spruce_sign":6,"minecraft:cooked_porkchop":17,"minecraft:crafting_table":4,"minecraft:spruce_planks":384,"minecraft:wooden_pickaxe":3,"minecraft:iron_helmet":1,"minecraft:iron_sword":1,"minecraft:fletching_table":2,"minecraft:bucket":1,"minecraft:stone_axe":3,"minecraft:air":0,"minecraft:oak_boat":3,"minecraft:iron_chestplate":1,"minecraft:shield":1,"minecraft:stick":744,"minecraft:iron_ingot":104,"minecraft:iron_pickaxe":2,"minecraft:stone_sword":3,"minecraft:iron_leggings":1,"minecraft:gold_ingot":3},"minecraft:custom":{"minecraft:mob_kills":70,"minecraft:interact_with_crafting_table":40,"minecraft:leave_game":9,"minecraft:time_since_death":165826,"minecraft:climb_one_cm":875,"minecraft:sprint_one_cm":420018,"minecraft:walk_one_cm":380092,"minecraft:damage_blocked_by_shield":974,"minecraft:drop":35,"minecraft:talked_to_villager":13,"minecraft:play_time":208311,"minecraft:deaths":5,"minecraft:sneak_time":8311,"minecraft:walk_under_water_one_cm":10198,"minecraft:boat_one_cm":367655,"minecraft:jump":3886,"minecraft:walk_on_water_one_cm":17592,"minecraft:total_world_time":208311,"minecraft:interact_with_furnace":72,"minecraft:traded_with_villager":22,"minecraft:sleep_in_bed":5,"minecraft:time_since_rest":2064,"minecraft:damage_taken":3686,"minecraft:damage_dealt":12454,"minecraft:swim_one_cm":39364,"minecraft:fly_one_cm":855085,"minecraft:open_chest":60,"minecraft:crouch_one_cm":17772,"minecraft:fall_one_cm":102355},"minecraft:mined":{"minecraft:large_amethyst_bud":1,"minecraft:tuff":7,"minecraft:white_bed":1,"minecraft:deepslate_diamond_ore":1,"minecraft:granite":9,"minecraft:grass_block":31,"minecraft:deepslate_bricks":3,"minecraft:spruce_leaves":11,"minecraft:spawner":1,"minecraft:tall_seagrass":1,"minecraft:redstone_ore":15,"minecraft:furnace":5,"minecraft:dark_oak_trapdoor":1,"minecraft:iron_ore":51,"minecraft:andesite":19,"minecraft:pumpkin":1,"minecraft:fletching_table":2,"minecraft:deepslate_iron_ore":34,"minecraft:stone":162,"minecraft:deepslate_redstone_ore":16,"minecraft:amethyst_cluster":1,"minecraft:crafting_table":10,"minecraft:torch":1,"minecraft:tall_grass":8,"minecraft:cobblestone":25,"minecraft:lapis_ore":6,"minecraft:deepslate_gold_ore":3,"minecraft:sugar_cane":38,"minecraft:oak_planks":30,"minecraft:diorite":3,"minecraft:spruce_sign":1,"minecraft:spruce_log":210,"minecraft:yellow_bed":1,"minecraft:grass":56,"minecraft:oak_log":36,"minecraft:coal_ore":33,"minecraft:gravel":51,"minecraft:dirt":38,"minecraft:cobweb":6,"minecraft:oak_leaves":20,"minecraft:deepslate":139},"minecraft:killed":{"minecraft:spider":3,"minecraft:slime":4,"minecraft:skeleton":3,"minecraft:chicken":2,"minecraft:pig":11,"minecraft:iron_golem":3,"minecraft:wandering_trader":1,"minecraft:creeper":2,"minecraft:sheep":11,"minecraft:zombie":13,"minecraft:enderman":1,"minecraft:cow":15}},"DataVersion":3465}