{"stats":{"minecraft:crafted":{"minecraft:oak_planks":136,"minecraft:stone_shovel":1,"minecraft:cooked_chicken":2,"minecraft:furnace":3,"minecraft:bone_meal":6,"minecraft:cooked_mutton":4,"minecraft:iron_boots":1,"minecraft:iron_axe":1,"minecraft:stone_pickaxe":3,"minecraft:chest":2,"minecraft:cooked_beef":29,"minecraft:emerald":2,"minecraft:cooked_porkchop":17,"minecraft:crafting_table":4,"minecraft:spruce_planks":28,"minecraft:wooden_pickaxe":3,"minecraft:iron_helmet":1,"minecraft:iron_sword":1,"minecraft:fletching_table":1,"minecraft:bucket":1,"minecraft:stone_axe":3,"minecraft:air":0,"minecraft:oak_boat":3,"minecraft:iron_chestplate":1,"minecraft:shield":1,"minecraft:stick":100,"minecraft:iron_ingot":26,"minecraft:iron_pickaxe":2,"minecraft:stone_sword":3,"minecraft:iron_leggings":1},"minecraft:custom":{"minecraft:mob_kills":62,"minecraft:interact_with_crafting_table":31,"minecraft:leave_game":6,"minecraft:time_since_death":93950,"minecraft:climb_one_cm":875,"minecraft:sprint_one_cm":360571,"minecraft:walk_one_cm":330556,"minecraft:damage_blocked_by_shield":944,"minecraft:drop":27,"minecraft:talked_to_villager":8,"minecraft:play_time":136435,"minecraft:deaths":5,"minecraft:sneak_time":6274,"minecraft:walk_under_water_one_cm":8842,"minecraft:boat_one_cm":362189,"minecraft:jump":3271,"minecraft:walk_on_water_one_cm":15973,"minecraft:total_world_time":136435,"minecraft:interact_with_furnace":56,"minecraft:traded_with_villager":2,"minecraft:sleep_in_bed":3,"minecraft:time_since_rest":40653,"minecraft:damage_taken":3098,"minecraft:damage_dealt":10770,"minecraft:swim_one_cm":35861,"minecraft:fly_one_cm":710395,"minecraft:open_chest":40,"minecraft:crouch_one_cm":13756,"minecraft:fall_one_cm":93625},"minecraft:used":{"minecraft:stone_sword":101,"minecraft:stone_shovel":78,"minecraft:chest":2,"minecraft:shield":22,"minecraft:iron_sword":71,"minecraft:rotten_flesh":4,"minecraft:dirt":48,"minecraft:iron_axe":22,"minecraft:furnace":6,"minecraft:oak_sapling":5,"minecraft:cooked_beef":14,"minecraft:water_bucket":8,"minecraft:diorite":3,"minecraft:stone_pickaxe":188,"minecraft:oak_planks":8,"minecraft:wooden_pickaxe":65,"minecraft:fletching_table":2,"minecraft:crafting_table":11,"minecraft:white_bed":1,"minecraft:spruce_log":1,"minecraft:apple":1,"minecraft:bread":12,"minecraft:iron_pickaxe":250,"minecraft:spruce_sapling":10,"minecraft:gravel":28,"minecraft:stone_axe":91,"minecraft:cobblestone":103,"minecraft:cooked_porkchop":7,"minecraft:andesite":6,"minecraft:bucket":9,"minecraft:yellow_bed":1,"minecraft:oak_boat":8},"minecraft:killed_by":{"minecraft:spider":1,"minecraft:skeleton":4},"minecraft:dropped":{"minecraft:iron_ingot":6,"minecraft:wheat_seeds":19,"minecraft:cooked_beef":5,"minecraft:iron_helmet":1,"minecraft:cobblestone":5,"minecraft:stick":2,"minecraft:wooden_axe":1,"minecraft:bone_meal":6,"minecraft:lily_pad":1,"minecraft:stone_axe":1,"minecraft:golden_chestplate":1,"minecraft:filled_map":1,"minecraft:poppy":2,"minecraft:shield":1,"minecraft:melon_seeds":5,"minecraft:pink_wool":1,"minecraft:beef":1},"minecraft:broken":{"minecraft:stone_pickaxe":1,"minecraft:iron_pickaxe":1},"minecraft:killed":{"minecraft:spider":2,"minecraft:slime":4,"minecraft:skeleton":2,"minecraft:chicken":2,"minecraft:pig":11,"minecraft:iron_golem":3,"minecraft:creeper":2,"minecraft:sheep":11,"minecraft:zombie":9,"minecraft:cow":15},"minecraft:picked_up":{"minecraft:wooden_axe":1,"minecraft:crafting_table":11,"minecraft:chicken":2,"minecraft:wooden_pickaxe":2,"minecraft:pink_wool":1,"minecraft:shield":1,"minecraft:string":6,"minecraft:cobbled_deepslate":140,"minecraft:spruce_planks":24,"minecraft:beef":38,"minecraft:oak_boat":7,"minecraft:poppy":5,"minecraft:light_gray_wool":1,"minecraft:sugar_cane":11,"minecraft:furnace":6,"minecraft:golden_helmet":1,"minecraft:stick":11,"minecraft:raw_iron":108,"minecraft:porkchop":20,"minecraft:diorite":3,"minecraft:redstone":128,"minecraft:golden_chestplate":2,"minecraft:arrow":3,"minecraft:stone_sword":2,"minecraft:rotten_flesh":13,"minecraft:mutton":16,"minecraft:white_wool":15,"minecraft:cobblestone":152,"minecraft:feather":2,"minecraft:cooked_beef":10,"minecraft:andesite":19,"minecraft:leather":12,"minecraft:flint":2,"minecraft:tuff":7,"minecraft:oak_log":36,"minecraft:lily_pad":1,"minecraft:yellow_bed":1,"minecraft:golden_boots":1,"minecraft:lapis_lazuli":46,"minecraft:dirt":60,"minecraft:bone":6,"minecraft:apple":2,"minecraft:wheat_seeds":24,"minecraft:raw_gold":3,"minecraft:stone_pickaxe":1,"minecraft:iron_ingot":23,"minecraft:fletching_table":1,"minecraft:oak_planks":50,"minecraft:oak_slab":5,"minecraft:pumpkin":1,"minecraft:gravel":29,"minecraft:amethyst_shard":4,"minecraft:spruce_sapling":10,"minecraft:white_bed":1,"minecraft:spruce_log":16,"minecraft:slime_ball":2,"minecraft:diamond":1,"minecraft:stone_axe":3,"minecraft:iron_helmet":1,"minecraft:granite":1,"minecraft:bread":29,"minecraft:oak_sapling":7,"minecraft:melon_seeds":5,"minecraft:black_wool":1,"minecraft:coal":33},"minecraft:mined":{"minecraft:large_amethyst_bud":1,"minecraft:tuff":7,"minecraft:white_bed":1,"minecraft:deepslate_diamond_ore":1,"minecraft:granite":1,"minecraft:grass_block":29,"minecraft:spruce_leaves":9,"minecraft:spawner":1,"minecraft:tall_seagrass":1,"minecraft:redstone_ore":15,"minecraft:furnace":5,"minecraft:iron_ore":51,"minecraft:andesite":19,"minecraft:pumpkin":1,"minecraft:fletching_table":1,"minecraft:deepslate_iron_ore":34,"minecraft:stone":141,"minecraft:deepslate_redstone_ore":16,"minecraft:amethyst_cluster":1,"minecraft:crafting_table":10,"minecraft:tall_grass":1,"minecraft:cobblestone":7,"minecraft:deepslate_gold_ore":3,"minecraft:lapis_ore":6,"minecraft:sugar_cane":12,"minecraft:oak_planks":22,"minecraft:diorite":3,"minecraft:spruce_log":16,"minecraft:yellow_bed":1,"minecraft:grass":43,"minecraft:oak_log":36,"minecraft:coal_ore":33,"minecraft:gravel":31,"minecraft:dirt":32,"minecraft:cobweb":6,"minecraft:oak_leaves":20,"minecraft:deepslate":139}},"DataVersion":3465}