{"stats":{"minecraft:picked_up":{"minecraft:birch_log":6,"minecraft:crafting_table":6,"minecraft:andesite":8,"minecraft:leather":6,"minecraft:birch_planks":9,"minecraft:flint":2,"minecraft:oak_log":5,"minecraft:string":2,"minecraft:dirt":3,"minecraft:moss_carpet":5,"minecraft:raw_copper":3,"minecraft:bone":12,"minecraft:cobbled_deepslate":67,"minecraft:beef":8,"minecraft:glowstone_dust":1,"minecraft:moss_block":19,"minecraft:flowering_azalea":1,"minecraft:furnace":5,"minecraft:stick":3,"minecraft:raw_iron":42,"minecraft:sandstone":3,"minecraft:gravel":12,"minecraft:porkchop":2,"minecraft:sand":1,"minecraft:diorite":4,"minecraft:redstone":4,"minecraft:spider_eye":1,"minecraft:arrow":9,"minecraft:rotten_flesh":3,"minecraft:diamond":13,"minecraft:granite":2,"minecraft:rooted_dirt":41,"minecraft:glow_berries":2,"minecraft:coal":59,"minecraft:cobblestone":101},"minecraft:used":{"minecraft:moss_block":1,"minecraft:birch_planks":2,"minecraft:stone_pickaxe":123,"minecraft:shield":22,"minecraft:wooden_pickaxe":12,"minecraft:rotten_flesh":3,"minecraft:glow_berries":2,"minecraft:dirt":2,"minecraft:crafting_table":6,"minecraft:diamond_pickaxe":13,"minecraft:rooted_dirt":41,"minecraft:iron_axe":75,"minecraft:iron_pickaxe":133,"minecraft:gravel":1,"minecraft:stone_axe":35,"minecraft:cobblestone":69,"minecraft:furnace":5,"minecraft:cooked_porkchop":2,"minecraft:cooked_beef":8,"minecraft:cobbled_deepslate":67},"minecraft:dropped":{"minecraft:moss_carpet":4,"minecraft:moss_block":7,"minecraft:leather":6,"minecraft:flowering_azalea":1},"minecraft:crafted":{"minecraft:cooked_beef":8,"minecraft:oak_planks":20,"minecraft:cooked_porkchop":2,"minecraft:crafting_table":1,"minecraft:wooden_pickaxe":1,"minecraft:iron_helmet":1,"minecraft:furnace":1,"minecraft:birch_planks":24,"minecraft:stone_axe":1,"minecraft:air":0,"minecraft:diamond_pickaxe":1,"minecraft:iron_boots":1,"minecraft:iron_chestplate":1,"minecraft:shield":1,"minecraft:iron_axe":1,"minecraft:stick":16,"minecraft:iron_ingot":31,"minecraft:iron_pickaxe":1,"minecraft:stone_pickaxe":1,"minecraft:iron_leggings":1,"minecraft:diamond_chestplate":1},"minecraft:custom":{"minecraft:interact_with_furnace":41,"minecraft:mob_kills":31,"minecraft:interact_with_crafting_table":12,"minecraft:time_since_death":54227,"minecraft:climb_one_cm":172,"minecraft:time_since_rest":54227,"minecraft:sprint_one_cm":187689,"minecraft:damage_taken":863,"minecraft:walk_one_cm":61651,"minecraft:damage_blocked_by_shield":870,"minecraft:drop":6,"minecraft:damage_dealt":6357,"minecraft:swim_one_cm":5952,"minecraft:fly_one_cm":163815,"minecraft:crouch_one_cm":5571,"minecraft:play_time":54227,"minecraft:sneak_time":2726,"minecraft:walk_under_water_one_cm":941,"minecraft:jump":1134,"minecraft:walk_on_water_one_cm":5516,"minecraft:total_world_time":54227,"minecraft:fall_one_cm":23771},"minecraft:mined":{"minecraft:deepslate_redstone_ore":1,"minecraft:flowering_azalea":1,"minecraft:deepslate_diamond_ore":13,"minecraft:crafting_table":6,"minecraft:cave_vines_plant":1,"minecraft:granite":2,"minecraft:grass_block":1,"minecraft:copper_ore":1,"minecraft:cobblestone":7,"minecraft:tall_grass":4,"minecraft:moss_block":13,"minecraft:diorite":4,"minecraft:sandstone":3,"minecraft:rooted_dirt":41,"minecraft:birch_planks":2,"minecraft:furnace":5,"minecraft:birch_log":6,"minecraft:iron_ore":31,"minecraft:andesite":8,"minecraft:moss_carpet":1,"minecraft:grass":4,"minecraft:oak_log":5,"minecraft:coal_ore":18,"minecraft:cave_vines":1,"minecraft:deepslate_iron_ore":3,"minecraft:gravel":9,"minecraft:sand":1,"minecraft:dirt":2,"minecraft:stone":94,"minecraft:deepslate":71},"minecraft:killed":{"minecraft:pig":1,"minecraft:witch":1,"minecraft:spider":2,"minecraft:skeleton":11,"minecraft:zombie":10,"minecraft:enderman":1,"minecraft:cow":5}},"DataVersion":3465}