{"stats":{"minecraft:picked_up":{"minecraft:birch_log":6,"minecraft:raw_iron":7,"minecraft:sandstone":3,"minecraft:crafting_table":3,"minecraft:leather":3,"minecraft:birch_planks":9,"minecraft:porkchop":2,"minecraft:sand":1,"minecraft:oak_log":5,"minecraft:dirt":3,"minecraft:beef":8,"minecraft:rooted_dirt":33,"minecraft:cobblestone":27,"minecraft:furnace":1},"minecraft:used":{"minecraft:birch_planks":2,"minecraft:stone_pickaxe":40,"minecraft:wooden_pickaxe":12,"minecraft:stone_axe":27,"minecraft:crafting_table":3,"minecraft:furnace":1,"minecraft:cooked_beef":2},"minecraft:crafted":{"minecraft:cooked_beef":8,"minecraft:crafting_table":1,"minecraft:stick":8,"minecraft:wooden_pickaxe":1,"minecraft:stone_pickaxe":1,"minecraft:furnace":1,"minecraft:birch_planks":24,"minecraft:stone_axe":1,"minecraft:air":0},"minecraft:custom":{"minecraft:time_since_rest":12227,"minecraft:sprint_one_cm":51902,"minecraft:interact_with_furnace":12,"minecraft:damage_taken":105,"minecraft:walk_one_cm":17459,"minecraft:mob_kills":6,"minecraft:damage_dealt":600,"minecraft:swim_one_cm":113,"minecraft:interact_with_crafting_table":3,"minecraft:fly_one_cm":43459,"minecraft:crouch_one_cm":68,"minecraft:play_time":12227,"minecraft:sneak_time":38,"minecraft:walk_under_water_one_cm":130,"minecraft:jump":200,"minecraft:time_since_death":12227,"minecraft:walk_on_water_one_cm":471,"minecraft:total_world_time":12227,"minecraft:fall_one_cm":5096},"minecraft:mined":{"minecraft:birch_planks":2,"minecraft:furnace":1,"minecraft:iron_ore":8,"minecraft:birch_log":6,"minecraft:crafting_table":3,"minecraft:grass_block":1,"minecraft:oak_log":5,"minecraft:sand":1,"minecraft:dirt":2,"minecraft:stone":27,"minecraft:sandstone":3,"minecraft:rooted_dirt":33},"minecraft:killed":{"minecraft:pig":1,"minecraft:cow":5}},"DataVersion":3465}