{"stats":{"minecraft:picked_up":{"minecraft:stick":3,"minecraft:crafting_table":1,"minecraft:andesite":4,"minecraft:flint":1,"minecraft:oak_log":24,"minecraft:diorite":4,"minecraft:spruce_log":26,"minecraft:apple":2,"minecraft:oak_sapling":1,"minecraft:sugar_cane":10,"minecraft:coal":2,"minecraft:cobblestone":36},"minecraft:used":{"minecraft:apple":1,"minecraft:stone_pickaxe":45,"minecraft:wooden_pickaxe":3,"minecraft:crafting_table":1},"minecraft:killed_by":{"minecraft:creeper":2},"minecraft:crafted":{"minecraft:oak_planks":16,"minecraft:crafting_table":1,"minecraft:stick":12,"minecraft:wooden_pickaxe":1,"minecraft:stone_pickaxe":1},"minecraft:custom":{"minecraft:time_since_rest":5710,"minecraft:sprint_one_cm":31135,"minecraft:damage_taken":855,"minecraft:walk_one_cm":8666,"minecraft:interact_with_crafting_table":2,"minecraft:swim_one_cm":6491,"minecraft:fly_one_cm":12607,"minecraft:crouch_one_cm":1516,"minecraft:play_time":14416,"minecraft:deaths":2,"minecraft:sneak_time":2245,"minecraft:walk_under_water_one_cm":41,"minecraft:jump":117,"minecraft:time_since_death":5677,"minecraft:walk_on_water_one_cm":664,"minecraft:total_world_time":14416,"minecraft:fall_one_cm":6245},"minecraft:mined":{"minecraft:spruce_log":26,"minecraft:andesite":4,"minecraft:crafting_table":1,"minecraft:oak_log":24,"minecraft:coal_ore":3,"minecraft:gravel":1,"minecraft:spruce_leaves":12,"minecraft:stone":36,"minecraft:sugar_cane":5,"minecraft:diorite":4,"minecraft:oak_leaves":9}},"DataVersion":3465}