{"stats":{"minecraft:picked_up":{"minecraft:raw_iron":38,"minecraft:stick":12,"minecraft:crafting_table":4,"minecraft:andesite":27,"minecraft:wooden_pickaxe":1,"minecraft:flint":1,"minecraft:oak_log":24,"minecraft:diorite":14,"minecraft:spruce_log":40,"minecraft:rotten_flesh":2,"minecraft:apple":2,"minecraft:granite":15,"minecraft:stone_pickaxe":1,"minecraft:oak_sapling":1,"minecraft:sugar_cane":10,"minecraft:oak_planks":3,"minecraft:coal":63,"minecraft:cobblestone":100,"minecraft:furnace":2},"minecraft:used":{"minecraft:apple":1,"minecraft:iron_axe":5,"minecraft:stone_pickaxe":119,"minecraft:iron_pickaxe":27,"minecraft:shield":7,"minecraft:wooden_pickaxe":9,"minecraft:rotten_flesh":2,"minecraft:cobblestone":1,"minecraft:crafting_table":3,"minecraft:furnace":2,"minecraft:bucket":1,"minecraft:andesite":2,"minecraft:granite":1},"minecraft:broken":{"minecraft:stone_pickaxe":1},"minecraft:killed_by":{"minecraft:creeper":3},"minecraft:crafted":{"minecraft:oak_planks":16,"minecraft:iron_boots":1,"minecraft:shield":1,"minecraft:iron_axe":1,"minecraft:crafting_table":1,"minecraft:spruce_planks":8,"minecraft:stick":12,"minecraft:iron_ingot":18,"minecraft:wooden_pickaxe":1,"minecraft:iron_pickaxe":1,"minecraft:stone_pickaxe":1,"minecraft:furnace":1,"minecraft:bucket":1,"minecraft:air":0},"minecraft:custom":{"minecraft:time_since_rest":9041,"minecraft:interact_with_furnace":18,"minecraft:sprint_one_cm":57807,"minecraft:damage_taken":1515,"minecraft:walk_one_cm":18406,"minecraft:damage_blocked_by_shield":270,"minecraft:mob_kills":2,"minecraft:damage_dealt":534,"minecraft:interact_with_crafting_table":9,"minecraft:swim_one_cm":6780,"minecraft:fly_one_cm":17794,"minecraft:crouch_one_cm":3736,"minecraft:play_time":26416,"minecraft:deaths":3,"minecraft:sneak_time":3464,"minecraft:walk_under_water_one_cm":3592,"minecraft:jump":149,"minecraft:time_since_death":9006,"minecraft:walk_on_water_one_cm":2036,"minecraft:total_world_time":26416,"minecraft:fall_one_cm":10148},"minecraft:mined":{"minecraft:furnace":2,"minecraft:iron_ore":25,"minecraft:spruce_log":26,"minecraft:andesite":14,"minecraft:crafting_table":3,"minecraft:granite":8,"minecraft:oak_log":24,"minecraft:coal_ore":22,"minecraft:gravel":1,"minecraft:cobblestone":1,"minecraft:spruce_leaves":12,"minecraft:stone":56,"minecraft:sugar_cane":5,"minecraft:diorite":7,"minecraft:oak_leaves":9},"minecraft:killed":{"minecraft:zombie":2}},"DataVersion":3465}