{"stats":{"minecraft:picked_up":{"minecraft:stick":35,"minecraft:porkchop":6,"minecraft:spruce_sapling":6,"minecraft:oak_log":4,"minecraft:lily_pad":4,"minecraft:spruce_log":182,"minecraft:shield":1,"minecraft:gunpowder":1,"minecraft:string":1,"minecraft:spider_eye":1,"minecraft:rotten_flesh":3,"minecraft:wheat_seeds":1,"minecraft:iron_ingot":43,"minecraft:mutton":6,"minecraft:diamond_hoe":1,"minecraft:white_wool":4},"minecraft:used":{"minecraft:iron_axe":201,"minecraft:iron_helmet":1,"minecraft:iron_boots":1,"minecraft:spruce_sapling":5,"minecraft:iron_chestplate":1,"minecraft:mutton":6,"minecraft:porkchop":6,"minecraft:iron_leggings":1},"minecraft:dropped":{"minecraft:iron_ingot":3,"minecraft:wheat_seeds":1},"minecraft:crafted":{"minecraft:iron_boots":1,"minecraft:iron_chestplate":1,"minecraft:iron_axe":1,"minecraft:iron_pickaxe":1,"minecraft:iron_helmet":1,"minecraft:iron_leggings":1},"minecraft:custom":{"minecraft:time_since_rest":17208,"minecraft:sprint_one_cm":62373,"minecraft:damage_taken":798,"minecraft:walk_one_cm":20411,"minecraft:mob_kills":13,"minecraft:drop":4,"minecraft:damage_dealt":1904,"minecraft:swim_one_cm":12202,"minecraft:interact_with_crafting_table":1,"minecraft:fly_one_cm":132179,"minecraft:open_chest":9,"minecraft:crouch_one_cm":9427,"minecraft:play_time":17911,"minecraft:deaths":2,"minecraft:sneak_time":3103,"minecraft:walk_under_water_one_cm":614,"minecraft:jump":680,"minecraft:walk_on_water_one_cm":7158,"minecraft:time_since_death":17178,"minecraft:total_world_time":17911,"minecraft:climb_one_cm":95,"minecraft:fall_one_cm":20476},"minecraft:mined":{"minecraft:spruce_log":182,"minecraft:grass":13,"minecraft:oak_log":4,"minecraft:tall_grass":4,"minecraft:spruce_leaves":8,"minecraft:lily_pad":4},"minecraft:killed":{"minecraft:sheep":4,"minecraft:zombie":5,"minecraft:pig":2,"minecraft:spider":1,"minecraft:creeper":1}},"DataVersion":3465}