{"stats":{"minecraft:picked_up":{"minecraft:diamond_sword":4,"minecraft:potion":2,"minecraft:enchanted_book":5,"minecraft:nether_brick":22,"minecraft:golden_sword":37,"minecraft:string":42,"minecraft:raw_copper":3,"minecraft:diamond_leggings":1,"minecraft:gold_nugget":441,"minecraft:spruce_planks":8,"minecraft:eye_armor_trim_smithing_template":1,"minecraft:ender_eye":14,"minecraft:iron_pickaxe":1,"minecraft:iron_boots":2,"minecraft:stick":121,"minecraft:oak_fence":1,"minecraft:torch":95,"minecraft:purpur_pillar":10,"minecraft:porkchop":28,"minecraft:diorite":14,"minecraft:rotten_flesh":342,"minecraft:blaze_rod":62,"minecraft:obsidian":9,"minecraft:blaze_powder":52,"minecraft:cobblestone":235,"minecraft:feather":1,"minecraft:magma_cream":3,"minecraft:iron_door":3,"minecraft:water_bucket":2,"minecraft:andesite":1,"minecraft:potato":1,"minecraft:flint":1,"minecraft:wither_skeleton_skull":2,"minecraft:lapis_lazuli":35,"minecraft:dirt":17,"minecraft:twisting_vines":11,"minecraft:bone":44,"minecraft:bow":1,"minecraft:wheat_seeds":23,"minecraft:bell":1,"minecraft:grindstone":1,"minecraft:mossy_stone_bricks":4,"minecraft:diamond_helmet":2,"minecraft:oak_planks":9,"minecraft:chiseled_polished_blackstone":12,"minecraft:cooked_porkchop":27,"minecraft:warped_wart_block":1,"minecraft:sand":73,"minecraft:spectral_arrow":141,"minecraft:shulker_box":2,"minecraft:diamond":6,"minecraft:spruce_boat":12,"minecraft:cracked_polished_blackstone_bricks":27,"minecraft:crossbow":7,"minecraft:granite":7,"minecraft:golden_apple":9,"minecraft:emerald":59,"minecraft:bread":148,"minecraft:netherrack":637,"minecraft:chorus_fruit":25,"minecraft:crimson_roots":15,"minecraft:diamond_pickaxe":2,"minecraft:crafting_table":4,"minecraft:chicken":2,"minecraft:nether_wart":8,"minecraft:brown_mushroom":1,"minecraft:gold_block":5,"minecraft:purpur_block":4,"minecraft:shield":3,"minecraft:elytra":3,"minecraft:iron_axe":2,"minecraft:flint_and_steel":2,"minecraft:blackstone":153,"minecraft:cracked_stone_bricks":2,"minecraft:beef":10,"minecraft:iron_nugget":13,"minecraft:chest":1,"minecraft:diamond_hoe":2,"minecraft:egg":2,"minecraft:raw_iron":4,"minecraft:end_stone":882,"minecraft:fire_charge":16,"minecraft:polished_blackstone_bricks":81,"minecraft:carrot":59,"minecraft:arrow":171,"minecraft:diamond_chestplate":4,"minecraft:nether_bricks":41,"minecraft:deepslate_bricks":1,"minecraft:diamond_boots":3,"minecraft:totem_of_undying":6,"minecraft:saddle":3,"minecraft:gold_ingot":141,"minecraft:mutton":22,"minecraft:rail":1,"minecraft:bone_block":13,"minecraft:white_wool":11,"minecraft:golden_carrot":7,"minecraft:leather":47,"minecraft:purpur_stairs":3,"minecraft:oak_log":9,"minecraft:lily_pad":4,"minecraft:yellow_bed":3,"minecraft:nether_wart_block":1,"minecraft:gunpowder":46,"minecraft:white_banner":18,"minecraft:stone_bricks":6,"minecraft:warped_stem":4,"minecraft:iron_ingot":43,"minecraft:iron_sword":5,"minecraft:soul_sand":26,"minecraft:book":182,"minecraft:warped_fungus":3,"minecraft:birch_boat":5,"minecraft:sweet_berries":8,"minecraft:quartz":99,"minecraft:gravel":141,"minecraft:spruce_sapling":68,"minecraft:white_bed":7,"minecraft:spruce_log":842,"minecraft:dragon_egg":1,"minecraft:crying_obsidian":10,"minecraft:spruce_door":4,"minecraft:spider_eye":24,"minecraft:firework_rocket":10,"minecraft:diamond_axe":2,"minecraft:warped_roots":18,"minecraft:warped_nylium":15,"minecraft:coal":19,"minecraft:ender_pearl":294,"minecraft:shulker_shell":23},"minecraft:broken":{"minecraft:diamond_pickaxe":1,"minecraft:iron_axe":2},"minecraft:used":{"minecraft:iron_shovel":77,"minecraft:elytra":1,"minecraft:ladder":3,"minecraft:diamond_hoe":8,"minecraft:chest":1,"minecraft:shield":47,"minecraft:iron_sword":24,"minecraft:bell":1,"minecraft:rotten_flesh":20,"minecraft:iron_chestplate":1,"minecraft:soul_sand":10,"minecraft:mutton":6,"minecraft:nether_bricks":41,"minecraft:carrot":37,"minecraft:obsidian":12,"minecraft:spruce_boat":12,"minecraft:warped_nylium":6,"minecraft:iron_helmet":1,"minecraft:golden_sword":2,"minecraft:bow":115,"minecraft:warped_fungus":3,"minecraft:sweet_berries":3,"minecraft:golden_boots":1,"minecraft:diorite":14,"minecraft:diamond_boots":1,"minecraft:spruce_door":7,"minecraft:chorus_fruit":19,"minecraft:ender_pearl":170,"minecraft:blackstone":148,"minecraft:diamond_axe":215,"minecraft:white_wool":3,"minecraft:golden_apple":8,"minecraft:sand":4,"minecraft:crossbow":97,"minecraft:end_stone":886,"minecraft:bread":228,"minecraft:gravel":90,"minecraft:nether_wart_block":1,"minecraft:diamond_sword":2764,"minecraft:fire_charge":13,"minecraft:grindstone":1,"minecraft:andesite":1,"minecraft:bone_meal":1,"minecraft:oak_fence":1,"minecraft:enchanting_table":1,"minecraft:flint_and_steel":1,"minecraft:ender_chest":1,"minecraft:netherrack":558,"minecraft:torch":47,"minecraft:dragon_egg":1,"minecraft:dirt":37,"minecraft:warped_wart_block":1,"minecraft:twisting_vines":1,"minecraft:diamond_helmet":5,"minecraft:shulker_box":2,"minecraft:granite":3,"minecraft:bookshelf":15,"minecraft:iron_axe":670,"minecraft:spruce_button":1,"minecraft:iron_boots":1,"minecraft:diamond_chestplate":5,"minecraft:golden_carrot":28,"minecraft:iron_leggings":1,"minecraft:water_bucket":4,"minecraft:brown_mushroom":1,"minecraft:birch_boat":6,"minecraft:warped_roots":2,"minecraft:polished_blackstone_bricks":47,"minecraft:crafting_table":6,"minecraft:white_bed":6,"minecraft:spruce_log":17,"minecraft:oak_log":1,"minecraft:ender_eye":21,"minecraft:diamond_pickaxe":927,"minecraft:cracked_polished_blackstone_bricks":25,"minecraft:iron_pickaxe":1050,"minecraft:suspicious_stew":1,"minecraft:spruce_sapling":38,"minecraft:crimson_nylium":1,"minecraft:stone_axe":61,"minecraft:cobblestone":251,"minecraft:potion":1,"minecraft:porkchop":15,"minecraft:white_banner":13,"minecraft:cooked_porkchop":23,"minecraft:bucket":4,"minecraft:yellow_bed":2},"minecraft:dropped":{"minecraft:iron_sword":4,"minecraft:warped_stem":2,"minecraft:soul_sand":11,"minecraft:porkchop":10,"minecraft:diamond_axe":2,"minecraft:glass_bottle":1,"minecraft:ender_pearl":19,"minecraft:cooked_porkchop":5,"minecraft:crossbow":6,"minecraft:warped_roots":16,"minecraft:cracked_stone_bricks":1,"minecraft:saddle":1,"minecraft:elytra":2,"minecraft:flint":1,"minecraft:emerald":44,"minecraft:dirt":6,"minecraft:cracked_polished_blackstone_bricks":2,"minecraft:crimson_roots":15,"minecraft:gold_nugget":9,"minecraft:bone_block":13,"minecraft:sand":4,"minecraft:polished_blackstone_bricks":34,"minecraft:iron_pickaxe":4,"minecraft:white_wool":4,"minecraft:gold_ingot":187,"minecraft:bone":3,"minecraft:gravel":94,"minecraft:chiseled_polished_blackstone":8,"minecraft:blackstone":11,"minecraft:stone_axe":1,"minecraft:purpur_block":2,"minecraft:ancient_debris":1,"minecraft:iron_nugget":13,"minecraft:twisting_vines":10,"minecraft:rotten_flesh":37,"minecraft:end_stone":4,"minecraft:white_bed":1,"minecraft:carrot":31,"minecraft:gunpowder":10,"minecraft:arrow":13,"minecraft:beef":2,"minecraft:quartz":35,"minecraft:netherrack":32,"minecraft:water_bucket":1,"minecraft:egg":1,"minecraft:golden_boots":1,"minecraft:enchanted_book":2,"minecraft:iron_ingot":3,"minecraft:bread":92,"minecraft:wheat_seeds":21,"minecraft:feather":1,"minecraft:iron_helmet":2,"minecraft:cobblestone":79,"minecraft:book":3,"minecraft:spectral_arrow":25,"minecraft:granite":4,"minecraft:coal":4,"minecraft:stick":53,"minecraft:golden_carrot":8,"minecraft:torch":3,"minecraft:iron_door":1,"minecraft:diamond_helmet":1,"minecraft:iron_leggings":1,"minecraft:iron_axe":3,"minecraft:string":31,"minecraft:spruce_sapling":1,"minecraft:purpur_pillar":8,"minecraft:warped_nylium":9,"minecraft:bowl":1,"minecraft:raw_iron":4,"minecraft:chicken":2,"minecraft:iron_boots":3,"minecraft:totem_of_undying":3,"minecraft:shulker_box":1,"minecraft:flint_and_steel":1,"minecraft:deepslate_bricks":1,"minecraft:diamond_sword":4,"minecraft:potato":1,"minecraft:spruce_boat":2,"minecraft:shield":1,"minecraft:diamond_chestplate":2,"minecraft:spruce_planks":8,"minecraft:iron_chestplate":1,"minecraft:mossy_stone_bricks":1,"minecraft:yellow_bed":1,"minecraft:golden_sword":37,"minecraft:spider_eye":1,"minecraft:stone_bricks":1,"minecraft:spruce_log":6,"minecraft:diamond_boots":2,"minecraft:bow":2,"minecraft:magma_cream":3},"minecraft:killed_by":{"minecraft:ravager":1},"minecraft:crafted":{"minecraft:ender_chest":1,"minecraft:oak_planks":32,"minecraft:lever":8,"minecraft:bookshelf":16,"minecraft:shulker_box":11,"minecraft:suspicious_stew":1,"minecraft:warped_planks":8,"minecraft:diamond_helmet":2,"minecraft:diamond_leggings":1,"minecraft:bow":2,"minecraft:iron_boots":1,"minecraft:chest":22,"minecraft:ender_eye":21,"minecraft:emerald":168,"minecraft:cooked_porkchop":1,"minecraft:diamond_axe":1,"minecraft:crafting_table":3,"minecraft:spruce_planks":3120,"minecraft:iron_helmet":1,"minecraft:spruce_door":3,"minecraft:tnt":6,"minecraft:spruce_trapdoor":16,"minecraft:iron_chestplate":1,"minecraft:stick":5348,"minecraft:iron_ingot":3,"minecraft:iron_pickaxe":2,"minecraft:gold_ingot":49,"minecraft:shears":2,"minecraft:golden_carrot":64,"minecraft:spruce_button":1,"minecraft:piston":2,"minecraft:bone_meal":12,"minecraft:iron_axe":2,"minecraft:ladder":3,"minecraft:diamond_boots":1,"minecraft:spruce_boat":7,"minecraft:diamond_sword":1,"minecraft:enchanting_table":1,"minecraft:bucket":1,"minecraft:stone_axe":1,"minecraft:enchanted_book":5,"minecraft:air":0,"minecraft:bread":174,"minecraft:gold_nugget":441,"minecraft:iron_leggings":1,"minecraft:white_bed":1},"minecraft:custom":{"minecraft:interact_with_crafting_table":46,"minecraft:open_shulker_box":4,"minecraft:bell_ring":9,"minecraft:leave_game":25,"minecraft:time_since_death":252876,"minecraft:sprint_one_cm":2100828,"minecraft:damage_blocked_by_shield":1135,"minecraft:drop":314,"minecraft:talked_to_villager":83,"minecraft:play_time":597482,"minecraft:deaths":3,"minecraft:jump":17320,"minecraft:interact_with_brewingstand":2,"minecraft:walk_on_water_one_cm":36457,"minecraft:enchant_item":14,"minecraft:interact_with_furnace":7,"minecraft:traded_with_villager":208,"minecraft:sleep_in_bed":11,"minecraft:open_enderchest":23,"minecraft:damage_dealt":193255,"minecraft:crouch_one_cm":217913,"minecraft:mob_kills":1085,"minecraft:interact_with_anvil":25,"minecraft:climb_one_cm":8037,"minecraft:walk_one_cm":850559,"minecraft:raid_win":2,"minecraft:sneak_time":64864,"minecraft:walk_under_water_one_cm":39546,"minecraft:boat_one_cm":211131,"minecraft:total_world_time":597482,"minecraft:raid_trigger":1,"minecraft:interact_with_grindstone":15,"minecraft:time_since_rest":21256,"minecraft:damage_taken":15172,"minecraft:damage_absorbed":282,"minecraft:swim_one_cm":125807,"minecraft:fly_one_cm":4402439,"minecraft:open_chest":175,"minecraft:aviate_one_cm":91137,"minecraft:fall_one_cm":415523},"minecraft:mined":{"minecraft:dragon_wall_head":1,"minecraft:white_bed":3,"minecraft:obsidian":5,"minecraft:granite":6,"minecraft:chiseled_polished_blackstone":2,"minecraft:grass_block":2,"minecraft:cracked_polished_blackstone_bricks":26,"minecraft:nether_wart":8,"minecraft:polished_blackstone_bricks":87,"minecraft:weeping_vines_plant":2,"minecraft:glowstone":1,"minecraft:iron_ore":4,"minecraft:cobbled_deepslate":1,"minecraft:fire":22,"minecraft:twisting_vines":3,"minecraft:brown_mushroom":2,"minecraft:blackstone":66,"minecraft:twisting_vines_plant":4,"minecraft:crimson_nylium":2,"minecraft:purpur_stairs":3,"minecraft:chest":1,"minecraft:nether_quartz_ore":122,"minecraft:cobblestone":51,"minecraft:grindstone":1,"minecraft:oak_planks":8,"minecraft:iron_door":1,"minecraft:wall_torch":2,"minecraft:warped_nylium":9,"minecraft:powered_rail":1,"minecraft:nether_wart_block":1,"minecraft:warped_fungus":1,"minecraft:purpur_block":8,"minecraft:grass":84,"minecraft:oak_log":9,"minecraft:sand":76,"minecraft:dirt":14,"minecraft:netherrack":571,"minecraft:oak_leaves":2,"minecraft:nether_gold_ore":18,"minecraft:shulker_box":2,"minecraft:end_stone":803,"minecraft:crimson_roots":9,"minecraft:weeping_vines":3,"minecraft:spruce_leaves":21,"minecraft:spruce_sapling":2,"minecraft:nether_sprouts":3,"minecraft:andesite":3,"minecraft:gold_block":2,"minecraft:bell":1,"minecraft:bookshelf":60,"minecraft:warped_stem":5,"minecraft:chorus_plant":2,"minecraft:stone":130,"minecraft:white_wool":1,"minecraft:soul_sand":3,"minecraft:spruce_door":4,"minecraft:oak_fence":1,"minecraft:crafting_table":2,"minecraft:warped_roots":1,"minecraft:purpur_pillar":9,"minecraft:tall_grass":10,"minecraft:copper_ore":1,"minecraft:lily_pad":4,"minecraft:diorite":14,"minecraft:warped_wart_block":1,"minecraft:sweet_berry_bush":3,"minecraft:spruce_log":816,"minecraft:white_wall_banner":1,"minecraft:coal_ore":7,"minecraft:gravel":31,"minecraft:cobweb":13,"minecraft:cracked_stone_bricks":2,"minecraft:stone_bricks":7,"minecraft:mossy_stone_bricks":5},"minecraft:killed":{"minecraft:zombified_piglin":231,"minecraft:witch":4,"minecraft:spider":16,"minecraft:shulker":46,"minecraft:skeleton":17,"minecraft:chicken":1,"minecraft:silverfish":19,"minecraft:piglin_brute":4,"minecraft:magma_cube":10,"minecraft:piglin":47,"minecraft:pig":2,"minecraft:ender_dragon":1,"minecraft:creeper":23,"minecraft:sheep":10,"minecraft:pillager":26,"minecraft:zombie":41,"minecraft:ghast":4,"minecraft:blaze":35,"minecraft:cow":3,"minecraft:evoker":4,"minecraft:vex":7,"minecraft:vindicator":26,"minecraft:horse":2,"minecraft:drowned":1,"minecraft:bat":1,"minecraft:ravager":6,"minecraft:hoglin":12,"minecraft:wither_skeleton":5,"minecraft:enderman":468}},"DataVersion":3465}