{"stats":{"minecraft:picked_up":{"minecraft:gold_block":2,"minecraft:flint":1,"minecraft:oak_log":9,"minecraft:lily_pad":4,"minecraft:shield":1,"minecraft:gunpowder":2,"minecraft:string":1,"minecraft:twisting_vines":3,"minecraft:bone":4,"minecraft:blackstone":3,"minecraft:wheat_seeds":5,"minecraft:warped_stem":1,"minecraft:iron_ingot":43,"minecraft:iron_boots":1,"minecraft:diamond_hoe":1,"minecraft:book":1,"minecraft:stick":64,"minecraft:birch_boat":3,"minecraft:quartz":5,"minecraft:oak_fence":1,"minecraft:torch":91,"minecraft:gravel":25,"minecraft:polished_blackstone_bricks":47,"minecraft:porkchop":6,"minecraft:spruce_sapling":32,"minecraft:spruce_log":346,"minecraft:spider_eye":1,"minecraft:arrow":4,"minecraft:diamond_chestplate":1,"minecraft:rotten_flesh":9,"minecraft:diamond":2,"minecraft:diamond_boots":1,"minecraft:cracked_polished_blackstone_bricks":11,"minecraft:warped_roots":3,"minecraft:emerald":17,"minecraft:bread":74,"minecraft:warped_nylium":8,"minecraft:netherrack":81,"minecraft:mutton":6,"minecraft:white_wool":5,"minecraft:cobblestone":65,"minecraft:ender_pearl":22},"minecraft:broken":{"minecraft:iron_axe":1},"minecraft:used":{"minecraft:oak_fence":1,"minecraft:diamond_hoe":4,"minecraft:blackstone":3,"minecraft:ender_pearl":1,"minecraft:birch_boat":3,"minecraft:shield":10,"minecraft:iron_sword":4,"minecraft:rotten_flesh":3,"minecraft:netherrack":20,"minecraft:polished_blackstone_bricks":47,"minecraft:iron_chestplate":1,"minecraft:white_wool":1,"minecraft:torch":46,"minecraft:dirt":1,"minecraft:mutton":6,"minecraft:diamond_helmet":1,"minecraft:spruce_log":2,"minecraft:oak_log":1,"minecraft:iron_axe":417,"minecraft:bread":33,"minecraft:iron_pickaxe":141,"minecraft:iron_helmet":1,"minecraft:iron_boots":1,"minecraft:spruce_sapling":19,"minecraft:gravel":25,"minecraft:diamond_sword":86,"minecraft:cobblestone":129,"minecraft:porkchop":6,"minecraft:bone_meal":1,"minecraft:iron_leggings":1},"minecraft:dropped":{"minecraft:iron_ingot":3,"minecraft:bread":51,"minecraft:warped_stem":1,"minecraft:wheat_seeds":5,"minecraft:iron_helmet":1,"minecraft:cobblestone":64,"minecraft:iron_boots":2,"minecraft:stick":34,"minecraft:emerald":40,"minecraft:flint":1,"minecraft:iron_chestplate":1,"minecraft:iron_leggings":1},"minecraft:crafted":{"minecraft:oak_planks":32,"minecraft:diamond_sword":1,"minecraft:emerald":89,"minecraft:spruce_planks":1376,"minecraft:iron_helmet":1,"minecraft:bone_meal":12,"minecraft:enchanted_book":1,"minecraft:bread":60,"minecraft:air":0,"minecraft:diamond_helmet":1,"minecraft:iron_boots":1,"minecraft:diamond_leggings":1,"minecraft:iron_chestplate":1,"minecraft:iron_axe":1,"minecraft:stick":2816,"minecraft:iron_pickaxe":1,"minecraft:iron_leggings":1},"minecraft:custom":{"minecraft:interact_with_furnace":1,"minecraft:interact_with_anvil":1,"minecraft:mob_kills":49,"minecraft:traded_with_villager":102,"minecraft:interact_with_crafting_table":5,"minecraft:interact_with_grindstone":2,"minecraft:leave_game":2,"minecraft:time_since_death":74070,"minecraft:climb_one_cm":1880,"minecraft:time_since_rest":74100,"minecraft:sprint_one_cm":255767,"minecraft:damage_taken":1840,"minecraft:walk_one_cm":109903,"minecraft:damage_blocked_by_shield":290,"minecraft:drop":47,"minecraft:damage_dealt":10401,"minecraft:talked_to_villager":28,"minecraft:swim_one_cm":12202,"minecraft:fly_one_cm":482757,"minecraft:open_chest":28,"minecraft:crouch_one_cm":34107,"minecraft:play_time":74803,"minecraft:deaths":2,"minecraft:sneak_time":10931,"minecraft:walk_under_water_one_cm":1148,"minecraft:jump":2405,"minecraft:walk_on_water_one_cm":16304,"minecraft:total_world_time":74803,"minecraft:fall_one_cm":58733},"minecraft:mined":{"minecraft:blackstone":4,"minecraft:twisting_vines_plant":3,"minecraft:oak_fence":1,"minecraft:warped_roots":1,"minecraft:cracked_polished_blackstone_bricks":13,"minecraft:nether_quartz_ore":5,"minecraft:tall_grass":4,"minecraft:cobblestone":1,"minecraft:spruce_leaves":15,"minecraft:lily_pad":4,"minecraft:polished_blackstone_bricks":57,"minecraft:warped_nylium":2,"minecraft:nether_sprouts":1,"minecraft:cobbled_deepslate":1,"minecraft:spruce_log":354,"minecraft:gold_block":1,"minecraft:twisting_vines":2,"minecraft:grass":19,"minecraft:oak_log":9,"minecraft:warped_stem":1,"minecraft:gravel":26,"minecraft:dirt":1,"minecraft:netherrack":57,"minecraft:white_wool":1},"minecraft:killed":{"minecraft:piglin":4,"minecraft:pig":2,"minecraft:spider":1,"minecraft:creeper":4,"minecraft:sheep":4,"minecraft:skeleton":4,"minecraft:zombie":15,"minecraft:piglin_brute":3,"minecraft:enderman":8}},"DataVersion":3465}