{"stats":{"minecraft:picked_up":{"minecraft:flint":1,"minecraft:oak_log":4,"minecraft:lily_pad":4,"minecraft:shield":1,"minecraft:gunpowder":2,"minecraft:string":1,"minecraft:bone":4,"minecraft:wheat_seeds":2,"minecraft:iron_ingot":43,"minecraft:diamond_hoe":1,"minecraft:stick":39,"minecraft:oak_fence":1,"minecraft:gravel":25,"minecraft:porkchop":6,"minecraft:spruce_sapling":19,"minecraft:spruce_log":202,"minecraft:spider_eye":1,"minecraft:arrow":4,"minecraft:rotten_flesh":8,"minecraft:bread":25,"minecraft:mutton":6,"minecraft:white_wool":5},"minecraft:broken":{"minecraft:iron_axe":1},"minecraft:used":{"minecraft:oak_fence":1,"minecraft:diamond_hoe":2,"minecraft:shield":7,"minecraft:rotten_flesh":3,"minecraft:iron_chestplate":1,"minecraft:white_wool":1,"minecraft:mutton":6,"minecraft:iron_axe":244,"minecraft:bread":8,"minecraft:iron_helmet":1,"minecraft:iron_boots":1,"minecraft:spruce_sapling":7,"minecraft:gravel":25,"minecraft:porkchop":6,"minecraft:bone_meal":1,"minecraft:iron_leggings":1},"minecraft:dropped":{"minecraft:iron_ingot":3,"minecraft:bread":51,"minecraft:wheat_seeds":1,"minecraft:flint":1,"minecraft:iron_leggings":1},"minecraft:crafted":{"minecraft:emerald":46,"minecraft:spruce_planks":728,"minecraft:iron_helmet":1,"minecraft:bone_meal":12,"minecraft:bread":60,"minecraft:air":0,"minecraft:iron_boots":1,"minecraft:diamond_leggings":1,"minecraft:iron_chestplate":1,"minecraft:iron_axe":1,"minecraft:stick":1456,"minecraft:iron_pickaxe":1,"minecraft:iron_leggings":1},"minecraft:custom":{"minecraft:interact_with_furnace":1,"minecraft:mob_kills":27,"minecraft:traded_with_villager":57,"minecraft:interact_with_crafting_table":2,"minecraft:leave_game":2,"minecraft:time_since_death":32364,"minecraft:climb_one_cm":95,"minecraft:time_since_rest":32394,"minecraft:sprint_one_cm":109749,"minecraft:damage_taken":991,"minecraft:walk_one_cm":50139,"minecraft:damage_blocked_by_shield":205,"minecraft:drop":32,"minecraft:damage_dealt":4345,"minecraft:talked_to_villager":12,"minecraft:swim_one_cm":12202,"minecraft:fly_one_cm":217449,"minecraft:open_chest":12,"minecraft:crouch_one_cm":10314,"minecraft:play_time":33097,"minecraft:deaths":2,"minecraft:sneak_time":3373,"minecraft:walk_under_water_one_cm":1148,"minecraft:jump":1119,"minecraft:walk_on_water_one_cm":16304,"minecraft:total_world_time":33097,"minecraft:fall_one_cm":25904},"minecraft:mined":{"minecraft:oak_fence":1,"minecraft:tall_grass":4,"minecraft:spruce_leaves":9,"minecraft:lily_pad":4,"minecraft:spruce_log":202,"minecraft:grass":16,"minecraft:oak_log":4,"minecraft:gravel":26,"minecraft:white_wool":1},"minecraft:killed":{"minecraft:pig":2,"minecraft:spider":1,"minecraft:creeper":4,"minecraft:sheep":4,"minecraft:skeleton":4,"minecraft:zombie":12}},"DataVersion":3465}