{"stats":{"minecraft:picked_up":{"minecraft:shulker_shell":37,"minecraft:suspicious_stew":5,"minecraft:diamond_sword":7,"minecraft:potion":2,"minecraft:enchanted_book":5,"minecraft:nether_brick":22,"minecraft:golden_sword":37,"minecraft:string":87,"minecraft:raw_copper":11,"minecraft:diamond_leggings":1,"minecraft:gold_nugget":441,"minecraft:cobbled_deepslate":46,"minecraft:spruce_planks":123,"minecraft:eye_armor_trim_smithing_template":1,"minecraft:ender_eye":14,"minecraft:iron_pickaxe":1,"minecraft:iron_boots":2,"minecraft:stick":166,"minecraft:oak_fence":1,"minecraft:torch":95,"minecraft:purpur_pillar":12,"minecraft:porkchop":28,"minecraft:diorite":15,"minecraft:rotten_flesh":485,"minecraft:blaze_rod":62,"minecraft:obsidian":42,"minecraft:blaze_powder":52,"minecraft:cobblestone":274,"minecraft:feather":13,"minecraft:magma_cream":3,"minecraft:iron_door":3,"minecraft:water_bucket":2,"minecraft:andesite":10,"minecraft:golden_leggings":1,"minecraft:potato":2,"minecraft:flint":1,"minecraft:wither_skeleton_skull":2,"minecraft:lapis_lazuli":35,"minecraft:dirt":113,"minecraft:twisting_vines":11,"minecraft:bone":137,"minecraft:bow":2,"minecraft:wheat_seeds":38,"minecraft:bell":1,"minecraft:grindstone":1,"minecraft:mossy_stone_bricks":4,"minecraft:diamond_helmet":2,"minecraft:oak_planks":9,"minecraft:chiseled_polished_blackstone":12,"minecraft:cooked_porkchop":27,"minecraft:warped_wart_block":1,"minecraft:sand":249,"minecraft:stripped_spruce_log":3,"minecraft:spectral_arrow":141,"minecraft:shulker_box":56,"minecraft:diamond":6,"minecraft:spruce_boat":14,"minecraft:lever":9,"minecraft:cracked_polished_blackstone_bricks":27,"minecraft:crossbow":9,"minecraft:granite":9,"minecraft:golden_apple":9,"minecraft:emerald":59,"minecraft:bread":148,"minecraft:netherrack":803,"minecraft:chorus_fruit":52,"minecraft:oak_leaves":89,"minecraft:diamond_pickaxe":4,"minecraft:crimson_roots":15,"minecraft:end_stone_bricks":5,"minecraft:spruce_leaves":30,"minecraft:crafting_table":5,"minecraft:ladder":3,"minecraft:chicken":8,"minecraft:nether_wart":8,"minecraft:brown_mushroom":1,"minecraft:gold_block":5,"minecraft:dragon_head":1,"minecraft:purpur_block":6,"minecraft:shield":5,"minecraft:elytra":6,"minecraft:iron_axe":2,"minecraft:flint_and_steel":3,"minecraft:blackstone":153,"minecraft:cracked_stone_bricks":2,"minecraft:beef":11,"minecraft:iron_nugget":13,"minecraft:minecart":6,"minecraft:sugar_cane":79,"minecraft:chest":1,"minecraft:piston":16,"minecraft:spruce_trapdoor":2,"minecraft:diamond_hoe":2,"minecraft:egg":6,"minecraft:raw_iron":6,"minecraft:end_stone":1218,"minecraft:fire_charge":16,"minecraft:polished_blackstone_bricks":81,"minecraft:carrot":61,"minecraft:redstone":1,"minecraft:netherite_pickaxe":1,"minecraft:dark_oak_planks":1,"minecraft:arrow":240,"minecraft:diamond_chestplate":5,"minecraft:nether_bricks":41,"minecraft:deepslate_bricks":1,"minecraft:shears":2,"minecraft:diamond_boots":6,"minecraft:saddle":5,"minecraft:gold_ingot":141,"minecraft:totem_of_undying":7,"minecraft:mutton":22,"minecraft:bone_block":13,"minecraft:rail":14,"minecraft:white_wool":11,"minecraft:birch_leaves":7,"minecraft:golden_carrot":7,"minecraft:leather":49,"minecraft:purpur_stairs":3,"minecraft:oak_log":9,"minecraft:lily_pad":4,"minecraft:yellow_bed":3,"minecraft:nether_wart_block":1,"minecraft:gunpowder":162,"minecraft:paper":73,"minecraft:white_banner":21,"minecraft:stone_bricks":6,"minecraft:warped_stem":4,"minecraft:iron_ingot":44,"minecraft:iron_sword":5,"minecraft:soul_sand":26,"minecraft:book":182,"minecraft:warped_fungus":3,"minecraft:birch_boat":5,"minecraft:sweet_berries":8,"minecraft:quartz":99,"minecraft:dripstone_block":1,"minecraft:gravel":141,"minecraft:spruce_sapling":226,"minecraft:white_bed":7,"minecraft:spruce_log":2587,"minecraft:crying_obsidian":10,"minecraft:spruce_door":4,"minecraft:spider_eye":61,"minecraft:dragon_egg":1,"minecraft:firework_rocket":16,"minecraft:diamond_axe":3,"minecraft:warped_roots":18,"minecraft:warped_nylium":15,"minecraft:coal":19,"minecraft:ender_pearl":737},"minecraft:broken":{"minecraft:diamond_pickaxe":1,"minecraft:iron_axe":2},"minecraft:used":{"minecraft:iron_shovel":308,"minecraft:elytra":51,"minecraft:ladder":4,"minecraft:diamond_hoe":8,"minecraft:chest":2,"minecraft:shield":47,"minecraft:iron_sword":24,"minecraft:bell":1,"minecraft:rotten_flesh":171,"minecraft:spruce_leaves":1,"minecraft:iron_chestplate":1,"minecraft:soul_sand":10,"minecraft:mutton":6,"minecraft:nether_bricks":41,"minecraft:carrot":37,"minecraft:obsidian":25,"minecraft:spruce_boat":13,"minecraft:warped_nylium":6,"minecraft:iron_helmet":1,"minecraft:golden_sword":2,"minecraft:bow":115,"minecraft:warped_fungus":3,"minecraft:sweet_berries":3,"minecraft:egg":1,"minecraft:golden_boots":1,"minecraft:diorite":14,"minecraft:diamond_boots":3,"minecraft:end_stone_bricks":2,"minecraft:spruce_door":7,"minecraft:chorus_fruit":32,"minecraft:ender_pearl":369,"minecraft:blackstone":148,"minecraft:diamond_axe":1944,"minecraft:oak_leaves":287,"minecraft:white_wool":3,"minecraft:golden_apple":8,"minecraft:sand":88,"minecraft:crossbow":97,"minecraft:end_stone":1103,"minecraft:shears":202,"minecraft:lever":9,"minecraft:firework_rocket":92,"minecraft:bread":252,"minecraft:gravel":90,"minecraft:nether_wart_block":1,"minecraft:diamond_sword":3600,"minecraft:fire_charge":13,"minecraft:grindstone":1,"minecraft:andesite":1,"minecraft:oak_fence":1,"minecraft:bone_meal":1,"minecraft:enchanting_table":1,"minecraft:flint_and_steel":2,"minecraft:spruce_planks":1,"minecraft:ender_chest":1,"minecraft:netherrack":665,"minecraft:torch":47,"minecraft:dragon_egg":1,"minecraft:dirt":147,"minecraft:warped_wart_block":1,"minecraft:twisting_vines":1,"minecraft:diamond_helmet":5,"minecraft:shulker_box":56,"minecraft:granite":4,"minecraft:bookshelf":15,"minecraft:iron_axe":670,"minecraft:spruce_button":1,"minecraft:iron_boots":1,"minecraft:totem_of_undying":1,"minecraft:diamond_chestplate":53,"minecraft:golden_carrot":72,"minecraft:minecart":4,"minecraft:cobbled_deepslate":46,"minecraft:iron_leggings":1,"minecraft:water_bucket":4,"minecraft:birch_boat":6,"minecraft:brown_mushroom":1,"minecraft:warped_roots":2,"minecraft:polished_blackstone_bricks":47,"minecraft:rail":7,"minecraft:tnt":12,"minecraft:crafting_table":8,"minecraft:white_bed":6,"minecraft:spruce_log":18,"minecraft:oak_log":1,"minecraft:piston":15,"minecraft:ender_eye":21,"minecraft:diamond_pickaxe":1558,"minecraft:cracked_polished_blackstone_bricks":25,"minecraft:chicken":6,"minecraft:iron_pickaxe":1050,"minecraft:suspicious_stew":2,"minecraft:spruce_trapdoor":6,"minecraft:spruce_sapling":164,"minecraft:crimson_nylium":1,"minecraft:stone_axe":61,"minecraft:cobblestone":290,"minecraft:potion":1,"minecraft:porkchop":15,"minecraft:white_banner":13,"minecraft:cooked_porkchop":23,"minecraft:bucket":4,"minecraft:yellow_bed":2},"minecraft:dropped":{"minecraft:iron_sword":4,"minecraft:warped_stem":2,"minecraft:piston":1,"minecraft:soul_sand":11,"minecraft:porkchop":10,"minecraft:diamond_axe":3,"minecraft:chorus_fruit":8,"minecraft:ender_pearl":68,"minecraft:glass_bottle":1,"minecraft:diamond":6,"minecraft:cooked_porkchop":5,"minecraft:crossbow":8,"minecraft:warped_roots":16,"minecraft:leather":2,"minecraft:cracked_stone_bricks":1,"minecraft:saddle":2,"minecraft:elytra":5,"minecraft:rail":22,"minecraft:flint":1,"minecraft:emerald":44,"minecraft:spruce_leaves":29,"minecraft:cracked_polished_blackstone_bricks":2,"minecraft:dirt":48,"minecraft:crimson_roots":15,"minecraft:gold_nugget":9,"minecraft:bone_block":13,"minecraft:sand":88,"minecraft:polished_blackstone_bricks":34,"minecraft:iron_pickaxe":4,"minecraft:dark_oak_planks":1,"minecraft:white_wool":4,"minecraft:gold_ingot":187,"minecraft:bone":22,"minecraft:gravel":94,"minecraft:chiseled_polished_blackstone":8,"minecraft:blackstone":11,"minecraft:stone_axe":1,"minecraft:purpur_block":4,"minecraft:sugar_cane":6,"minecraft:ancient_debris":1,"minecraft:iron_nugget":13,"minecraft:twisting_vines":10,"minecraft:obsidian":3,"minecraft:rotten_flesh":39,"minecraft:end_stone":96,"minecraft:white_bed":1,"minecraft:carrot":31,"minecraft:shulker_shell":9,"minecraft:gunpowder":12,"minecraft:ladder":1,"minecraft:arrow":13,"minecraft:end_stone_bricks":3,"minecraft:beef":3,"minecraft:quartz":35,"minecraft:oak_leaves":134,"minecraft:firework_rocket":35,"minecraft:netherrack":39,"minecraft:egg":2,"minecraft:enchanted_book":3,"minecraft:water_bucket":1,"minecraft:golden_boots":1,"minecraft:iron_ingot":15,"minecraft:bread":92,"minecraft:netherite_pickaxe":1,"minecraft:birch_leaves":14,"minecraft:wheat_seeds":35,"minecraft:minecart":2,"minecraft:iron_helmet":2,"minecraft:feather":1,"minecraft:cobblestone":79,"minecraft:book":3,"minecraft:spectral_arrow":25,"minecraft:granite":4,"minecraft:coal":4,"minecraft:stick":601,"minecraft:golden_carrot":8,"minecraft:torch":3,"minecraft:iron_door":1,"minecraft:diamond_helmet":1,"minecraft:iron_leggings":1,"minecraft:iron_axe":3,"minecraft:string":51,"minecraft:spruce_sapling":17,"minecraft:redstone":1,"minecraft:purpur_pillar":10,"minecraft:warped_nylium":9,"minecraft:bowl":2,"minecraft:raw_iron":4,"minecraft:chicken":2,"minecraft:iron_boots":3,"minecraft:totem_of_undying":5,"minecraft:shulker_box":2,"minecraft:shears":3,"minecraft:suspicious_stew":10,"minecraft:flint_and_steel":2,"minecraft:deepslate_bricks":1,"minecraft:diamond_sword":7,"minecraft:potato":2,"minecraft:spruce_boat":2,"minecraft:shield":2,"minecraft:diamond_chestplate":3,"minecraft:spruce_planks":134,"minecraft:iron_chestplate":1,"minecraft:diamond_pickaxe":2,"minecraft:mossy_stone_bricks":1,"minecraft:yellow_bed":1,"minecraft:golden_leggings":1,"minecraft:golden_sword":37,"minecraft:spider_eye":16,"minecraft:stone_bricks":1,"minecraft:spruce_log":70,"minecraft:diamond_boots":5,"minecraft:bow":3,"minecraft:magma_cream":3,"minecraft:magma_block":12},"minecraft:killed_by":{"minecraft:ravager":1},"minecraft:crafted":{"minecraft:oak_planks":32,"minecraft:lever":8,"minecraft:bookshelf":16,"minecraft:shulker_box":11,"minecraft:suspicious_stew":13,"minecraft:warped_planks":8,"minecraft:diamond_helmet":2,"minecraft:diamond_leggings":1,"minecraft:bow":2,"minecraft:iron_boots":1,"minecraft:chest":22,"minecraft:rail":16,"minecraft:ender_eye":21,"minecraft:emerald":444,"minecraft:cooked_porkchop":1,"minecraft:diamond_axe":1,"minecraft:crafting_table":5,"minecraft:spruce_planks":7736,"minecraft:iron_helmet":1,"minecraft:spruce_door":3,"minecraft:tnt":12,"minecraft:spruce_trapdoor":16,"minecraft:iron_chestplate":1,"minecraft:paper":9,"minecraft:stick":14659,"minecraft:iron_pickaxe":2,"minecraft:iron_ingot":3,"minecraft:gold_ingot":49,"minecraft:shears":3,"minecraft:golden_carrot":64,"minecraft:spruce_button":1,"minecraft:piston":2,"minecraft:bone_meal":12,"minecraft:iron_axe":2,"minecraft:ladder":3,"minecraft:diamond_boots":1,"minecraft:spruce_boat":7,"minecraft:minecart":1,"minecraft:diamond_sword":1,"minecraft:enchanting_table":1,"minecraft:bucket":1,"minecraft:stone_axe":1,"minecraft:enchanted_book":17,"minecraft:air":0,"minecraft:bread":198,"minecraft:gold_nugget":441,"minecraft:iron_leggings":1,"minecraft:white_bed":1,"minecraft:firework_rocket":120,"minecraft:ender_chest":1},"minecraft:custom":{"minecraft:interact_with_crafting_table":63,"minecraft:open_shulker_box":113,"minecraft:bell_ring":9,"minecraft:leave_game":34,"minecraft:time_since_death":577535,"minecraft:sprint_one_cm":3011564,"minecraft:damage_blocked_by_shield":1135,"minecraft:drop":522,"minecraft:talked_to_villager":147,"minecraft:play_time":922149,"minecraft:deaths":3,"minecraft:jump":25102,"minecraft:interact_with_brewingstand":3,"minecraft:walk_on_water_one_cm":45164,"minecraft:enchant_item":14,"minecraft:interact_with_furnace":7,"minecraft:traded_with_villager":512,"minecraft:sleep_in_bed":15,"minecraft:open_enderchest":37,"minecraft:damage_dealt":255948,"minecraft:crouch_one_cm":347075,"minecraft:interact_with_anvil":38,"minecraft:mob_kills":1577,"minecraft:climb_one_cm":11488,"minecraft:walk_one_cm":1275013,"minecraft:raid_win":3,"minecraft:sneak_time":97951,"minecraft:walk_under_water_one_cm":46821,"minecraft:boat_one_cm":211131,"minecraft:total_world_time":922149,"minecraft:raid_trigger":2,"minecraft:interact_with_grindstone":15,"minecraft:time_since_rest":168653,"minecraft:damage_absorbed":290,"minecraft:damage_taken":21633,"minecraft:swim_one_cm":151453,"minecraft:fly_one_cm":6465319,"minecraft:open_chest":216,"minecraft:aviate_one_cm":2775935,"minecraft:fall_one_cm":621331},"minecraft:mined":{"minecraft:dragon_wall_head":2,"minecraft:white_bed":3,"minecraft:spruce_planks":1,"minecraft:obsidian":30,"minecraft:granite":7,"minecraft:chiseled_polished_blackstone":2,"minecraft:grass_block":10,"minecraft:cracked_polished_blackstone_bricks":26,"minecraft:nether_wart":8,"minecraft:tall_seagrass":1,"minecraft:polished_blackstone_bricks":87,"minecraft:weeping_vines_plant":2,"minecraft:glowstone":1,"minecraft:iron_ore":5,"minecraft:cobbled_deepslate":1,"minecraft:fire":22,"minecraft:twisting_vines":3,"minecraft:end_stone_bricks":4,"minecraft:brown_mushroom":2,"minecraft:blackstone":66,"minecraft:twisting_vines_plant":4,"minecraft:crimson_nylium":2,"minecraft:purpur_stairs":3,"minecraft:chest":1,"minecraft:nether_quartz_ore":122,"minecraft:cobblestone":51,"minecraft:oak_planks":8,"minecraft:grindstone":1,"minecraft:sugar_cane":8,"minecraft:iron_door":1,"minecraft:wall_torch":2,"minecraft:warped_nylium":9,"minecraft:powered_rail":1,"minecraft:nether_wart_block":1,"minecraft:warped_fungus":1,"minecraft:purpur_block":10,"minecraft:grass":151,"minecraft:oak_log":9,"minecraft:sand":261,"minecraft:dirt":65,"minecraft:netherrack":745,"minecraft:piston":9,"minecraft:deepslate":47,"minecraft:oak_leaves":243,"minecraft:nether_gold_ore":18,"minecraft:end_stone":1050,"minecraft:shulker_box":54,"minecraft:ladder":1,"minecraft:lever":1,"minecraft:crimson_roots":9,"minecraft:weeping_vines":3,"minecraft:spruce_leaves":68,"minecraft:spruce_sapling":15,"minecraft:nether_sprouts":3,"minecraft:andesite":12,"minecraft:stripped_spruce_log":3,"minecraft:gold_block":2,"minecraft:bell":1,"minecraft:bookshelf":60,"minecraft:rail":7,"minecraft:warped_stem":5,"minecraft:chorus_plant":4,"minecraft:stone":169,"minecraft:white_wool":1,"minecraft:ender_chest":1,"minecraft:podzol":8,"minecraft:soul_sand":3,"minecraft:magenta_stained_glass":1,"minecraft:spruce_door":4,"minecraft:oak_fence":1,"minecraft:crafting_table":2,"minecraft:warped_roots":1,"minecraft:copper_ore":3,"minecraft:purpur_pillar":11,"minecraft:tall_grass":24,"minecraft:lily_pad":4,"minecraft:diorite":15,"minecraft:warped_wart_block":1,"minecraft:sweet_berry_bush":3,"minecraft:spruce_log":2498,"minecraft:white_wall_banner":1,"minecraft:coal_ore":7,"minecraft:gravel":31,"minecraft:dripstone_block":1,"minecraft:cobweb":13,"minecraft:cracked_stone_bricks":2,"minecraft:stone_bricks":7,"minecraft:mossy_stone_bricks":5},"minecraft:killed":{"minecraft:zombified_piglin":231,"minecraft:witch":6,"minecraft:spider":41,"minecraft:shulker":69,"minecraft:skeleton":56,"minecraft:chicken":7,"minecraft:silverfish":19,"minecraft:piglin_brute":4,"minecraft:magma_cube":10,"minecraft:piglin":54,"minecraft:pig":4,"minecraft:ender_dragon":1,"minecraft:creeper":67,"minecraft:sheep":12,"minecraft:pillager":37,"minecraft:donkey":1,"minecraft:zombie":107,"minecraft:ghast":4,"minecraft:blaze":35,"minecraft:cow":4,"minecraft:evoker":4,"minecraft:vex":7,"minecraft:endermite":1,"minecraft:vindicator":29,"minecraft:horse":4,"minecraft:drowned":2,"minecraft:bat":1,"minecraft:hoglin":12,"minecraft:ravager":6,"minecraft:wither_skeleton":5,"minecraft:enderman":722}},"DataVersion":3465}