{"stats":{"minecraft:picked_up":{"minecraft:flint":1,"minecraft:oak_log":5,"minecraft:lily_pad":4,"minecraft:shield":1,"minecraft:gunpowder":2,"minecraft:string":1,"minecraft:bone":4,"minecraft:wheat_seeds":2,"minecraft:iron_ingot":43,"minecraft:iron_boots":1,"minecraft:diamond_hoe":1,"minecraft:stick":47,"minecraft:oak_fence":1,"minecraft:torch":91,"minecraft:gravel":25,"minecraft:porkchop":6,"minecraft:spruce_sapling":28,"minecraft:spruce_log":282,"minecraft:spider_eye":1,"minecraft:arrow":4,"minecraft:diamond_chestplate":1,"minecraft:rotten_flesh":9,"minecraft:diamond_boots":1,"minecraft:emerald":17,"minecraft:bread":25,"minecraft:mutton":6,"minecraft:white_wool":5},"minecraft:broken":{"minecraft:iron_axe":1},"minecraft:used":{"minecraft:oak_fence":1,"minecraft:diamond_hoe":4,"minecraft:shield":7,"minecraft:rotten_flesh":3,"minecraft:iron_chestplate":1,"minecraft:white_wool":1,"minecraft:torch":46,"minecraft:dirt":1,"minecraft:mutton":6,"minecraft:diamond_helmet":1,"minecraft:spruce_log":2,"minecraft:oak_log":1,"minecraft:iron_axe":345,"minecraft:bread":13,"minecraft:iron_helmet":1,"minecraft:iron_boots":1,"minecraft:spruce_sapling":19,"minecraft:gravel":25,"minecraft:porkchop":6,"minecraft:bone_meal":1,"minecraft:iron_leggings":1},"minecraft:dropped":{"minecraft:iron_ingot":3,"minecraft:bread":51,"minecraft:wheat_seeds":2,"minecraft:iron_helmet":1,"minecraft:iron_boots":2,"minecraft:stick":18,"minecraft:emerald":34,"minecraft:flint":1,"minecraft:iron_chestplate":1,"minecraft:iron_leggings":1},"minecraft:crafted":{"minecraft:oak_planks":16,"minecraft:emerald":65,"minecraft:spruce_planks":1012,"minecraft:iron_helmet":1,"minecraft:bone_meal":12,"minecraft:bread":60,"minecraft:air":0,"minecraft:diamond_helmet":1,"minecraft:iron_boots":1,"minecraft:diamond_leggings":1,"minecraft:iron_chestplate":1,"minecraft:iron_axe":1,"minecraft:stick":2056,"minecraft:iron_pickaxe":1,"minecraft:iron_leggings":1},"minecraft:custom":{"minecraft:interact_with_furnace":1,"minecraft:mob_kills":30,"minecraft:traded_with_villager":77,"minecraft:interact_with_crafting_table":4,"minecraft:interact_with_grindstone":2,"minecraft:leave_game":2,"minecraft:time_since_death":44070,"minecraft:climb_one_cm":95,"minecraft:time_since_rest":44100,"minecraft:sprint_one_cm":158430,"minecraft:damage_taken":1064,"minecraft:walk_one_cm":63788,"minecraft:damage_blocked_by_shield":205,"minecraft:drop":40,"minecraft:damage_dealt":5001,"minecraft:talked_to_villager":21,"minecraft:swim_one_cm":12202,"minecraft:fly_one_cm":323264,"minecraft:open_chest":22,"minecraft:crouch_one_cm":12943,"minecraft:play_time":44803,"minecraft:deaths":2,"minecraft:sneak_time":4176,"minecraft:walk_under_water_one_cm":1148,"minecraft:jump":1544,"minecraft:walk_on_water_one_cm":16304,"minecraft:total_world_time":44803,"minecraft:fall_one_cm":33294},"minecraft:mined":{"minecraft:oak_fence":1,"minecraft:tall_grass":4,"minecraft:spruce_leaves":12,"minecraft:lily_pad":4,"minecraft:spruce_log":290,"minecraft:grass":17,"minecraft:oak_log":5,"minecraft:gravel":26,"minecraft:dirt":1,"minecraft:white_wool":1},"minecraft:killed":{"minecraft:pig":2,"minecraft:spider":1,"minecraft:creeper":4,"minecraft:sheep":4,"minecraft:skeleton":4,"minecraft:zombie":15}},"DataVersion":3465}