{"stats":{"minecraft:picked_up":{"minecraft:enchanted_book":1,"minecraft:gold_block":5,"minecraft:potion":2,"minecraft:nether_brick":22,"minecraft:shield":1,"minecraft:string":1,"minecraft:blackstone":143,"minecraft:iron_nugget":13,"minecraft:diamond_hoe":1,"minecraft:iron_boots":2,"minecraft:stick":64,"minecraft:oak_fence":1,"minecraft:torch":91,"minecraft:fire_charge":16,"minecraft:porkchop":19,"minecraft:polished_blackstone_bricks":81,"minecraft:arrow":21,"minecraft:rotten_flesh":9,"minecraft:diamond_chestplate":1,"minecraft:deepslate_bricks":1,"minecraft:diamond_boots":1,"minecraft:gold_ingot":66,"minecraft:mutton":6,"minecraft:obsidian":4,"minecraft:white_wool":5,"minecraft:cobblestone":65,"minecraft:leather":22,"minecraft:flint":1,"minecraft:lily_pad":4,"minecraft:oak_log":9,"minecraft:gunpowder":4,"minecraft:twisting_vines":10,"minecraft:bone":4,"minecraft:wheat_seeds":5,"minecraft:warped_stem":2,"minecraft:iron_ingot":43,"minecraft:iron_sword":4,"minecraft:soul_sand":11,"minecraft:book":1,"minecraft:warped_fungus":2,"minecraft:chiseled_polished_blackstone":12,"minecraft:birch_boat":5,"minecraft:quartz":60,"minecraft:gravel":112,"minecraft:spruce_sapling":32,"minecraft:spruce_log":346,"minecraft:crying_obsidian":10,"minecraft:spectral_arrow":111,"minecraft:spider_eye":1,"minecraft:diamond":2,"minecraft:cracked_polished_blackstone_bricks":25,"minecraft:bread":74,"minecraft:emerald":17,"minecraft:warped_roots":15,"minecraft:netherrack":86,"minecraft:warped_nylium":9,"minecraft:crimson_roots":15,"minecraft:ender_pearl":23},"minecraft:broken":{"minecraft:iron_axe":1},"minecraft:used":{"minecraft:oak_fence":1,"minecraft:diamond_hoe":4,"minecraft:shield":13,"minecraft:iron_sword":5,"minecraft:rotten_flesh":3,"minecraft:netherrack":84,"minecraft:iron_chestplate":1,"minecraft:torch":46,"minecraft:dirt":1,"minecraft:mutton":6,"minecraft:diamond_helmet":1,"minecraft:iron_axe":419,"minecraft:iron_helmet":1,"minecraft:iron_boots":1,"minecraft:warped_fungus":2,"minecraft:iron_leggings":1,"minecraft:golden_boots":1,"minecraft:diamond_boots":1,"minecraft:blackstone":80,"minecraft:ender_pearl":12,"minecraft:birch_boat":6,"minecraft:polished_blackstone_bricks":47,"minecraft:white_wool":1,"minecraft:spruce_log":2,"minecraft:oak_log":1,"minecraft:cracked_polished_blackstone_bricks":25,"minecraft:bread":74,"minecraft:iron_pickaxe":244,"minecraft:gravel":25,"minecraft:spruce_sapling":19,"minecraft:diamond_sword":176,"minecraft:cobblestone":129,"minecraft:porkchop":6,"minecraft:bone_meal":1},"minecraft:dropped":{"minecraft:golden_boots":1,"minecraft:enchanted_book":1,"minecraft:iron_ingot":3,"minecraft:bread":51,"minecraft:iron_sword":4,"minecraft:warped_stem":2,"minecraft:wheat_seeds":5,"minecraft:iron_helmet":1,"minecraft:cobblestone":64,"minecraft:warped_roots":15,"minecraft:flint":1,"minecraft:stick":50,"minecraft:emerald":40,"minecraft:crimson_roots":14,"minecraft:iron_leggings":1,"minecraft:polished_blackstone_bricks":17,"minecraft:iron_pickaxe":1,"minecraft:string":5,"minecraft:gold_ingot":127,"minecraft:gravel":66,"minecraft:chiseled_polished_blackstone":8,"minecraft:warped_nylium":9,"minecraft:iron_nugget":13,"minecraft:twisting_vines":10,"minecraft:iron_boots":3,"minecraft:deepslate_bricks":1,"minecraft:gunpowder":2,"minecraft:iron_chestplate":1,"minecraft:netherrack":2},"minecraft:crafted":{"minecraft:oak_planks":32,"minecraft:bone_meal":12,"minecraft:diamond_helmet":1,"minecraft:diamond_leggings":1,"minecraft:iron_boots":1,"minecraft:iron_axe":1,"minecraft:diamond_sword":1,"minecraft:emerald":89,"minecraft:spruce_planks":1376,"minecraft:iron_helmet":1,"minecraft:enchanted_book":1,"minecraft:air":0,"minecraft:bread":60,"minecraft:iron_chestplate":1,"minecraft:stick":2816,"minecraft:iron_pickaxe":1,"minecraft:iron_leggings":1},"minecraft:custom":{"minecraft:mob_kills":73,"minecraft:interact_with_anvil":1,"minecraft:interact_with_crafting_table":5,"minecraft:leave_game":2,"minecraft:time_since_death":110070,"minecraft:climb_one_cm":2564,"minecraft:sprint_one_cm":383924,"minecraft:walk_one_cm":178426,"minecraft:damage_blocked_by_shield":370,"minecraft:drop":92,"minecraft:talked_to_villager":28,"minecraft:play_time":110803,"minecraft:deaths":2,"minecraft:sneak_time":19001,"minecraft:walk_under_water_one_cm":1148,"minecraft:jump":3442,"minecraft:walk_on_water_one_cm":16304,"minecraft:total_world_time":110803,"minecraft:interact_with_furnace":1,"minecraft:traded_with_villager":102,"minecraft:interact_with_grindstone":2,"minecraft:time_since_rest":110100,"minecraft:damage_taken":3807,"minecraft:damage_dealt":16366,"minecraft:swim_one_cm":12202,"minecraft:fly_one_cm":615551,"minecraft:open_chest":31,"minecraft:crouch_one_cm":54777,"minecraft:fall_one_cm":93517},"minecraft:mined":{"minecraft:chiseled_polished_blackstone":2,"minecraft:crimson_roots":2,"minecraft:cracked_polished_blackstone_bricks":25,"minecraft:weeping_vines":2,"minecraft:spruce_leaves":15,"minecraft:polished_blackstone_bricks":83,"minecraft:glowstone":1,"minecraft:nether_sprouts":1,"minecraft:cobbled_deepslate":1,"minecraft:fire":1,"minecraft:gold_block":2,"minecraft:twisting_vines":2,"minecraft:warped_stem":3,"minecraft:white_wool":1,"minecraft:blackstone":61,"minecraft:twisting_vines_plant":3,"minecraft:crimson_nylium":1,"minecraft:oak_fence":1,"minecraft:warped_roots":1,"minecraft:nether_quartz_ore":5,"minecraft:tall_grass":4,"minecraft:cobblestone":1,"minecraft:lily_pad":4,"minecraft:warped_nylium":2,"minecraft:spruce_log":354,"minecraft:grass":19,"minecraft:oak_log":9,"minecraft:gravel":26,"minecraft:dirt":1,"minecraft:netherrack":60},"minecraft:killed":{"minecraft:spider":1,"minecraft:skeleton":5,"minecraft:piglin_brute":3,"minecraft:piglin":18,"minecraft:pig":2,"minecraft:hoglin":2,"minecraft:creeper":4,"minecraft:sheep":4,"minecraft:zombie":15,"minecraft:enderman":13}},"DataVersion":3465}