{"stats":{"minecraft:picked_up":{"minecraft:diamond_sword":1,"minecraft:enchanted_book":5,"minecraft:potion":2,"minecraft:nether_brick":22,"minecraft:golden_sword":37,"minecraft:string":16,"minecraft:raw_copper":3,"minecraft:diamond_leggings":1,"minecraft:gold_nugget":441,"minecraft:spruce_planks":8,"minecraft:eye_armor_trim_smithing_template":1,"minecraft:ender_eye":14,"minecraft:iron_pickaxe":1,"minecraft:iron_boots":2,"minecraft:stick":121,"minecraft:oak_fence":1,"minecraft:torch":91,"minecraft:porkchop":28,"minecraft:diorite":14,"minecraft:rotten_flesh":306,"minecraft:blaze_rod":62,"minecraft:obsidian":4,"minecraft:blaze_powder":52,"minecraft:cobblestone":181,"minecraft:magma_cream":3,"minecraft:iron_door":3,"minecraft:andesite":1,"minecraft:flint":1,"minecraft:wither_skeleton_skull":2,"minecraft:lapis_lazuli":35,"minecraft:dirt":6,"minecraft:twisting_vines":11,"minecraft:bone":25,"minecraft:bow":1,"minecraft:wheat_seeds":20,"minecraft:grindstone":1,"minecraft:mossy_stone_bricks":3,"minecraft:diamond_helmet":2,"minecraft:oak_planks":9,"minecraft:chiseled_polished_blackstone":12,"minecraft:cooked_porkchop":27,"minecraft:warped_wart_block":1,"minecraft:sand":4,"minecraft:spectral_arrow":141,"minecraft:diamond":6,"minecraft:spruce_boat":5,"minecraft:cracked_polished_blackstone_bricks":27,"minecraft:crossbow":6,"minecraft:granite":4,"minecraft:golden_apple":5,"minecraft:emerald":57,"minecraft:bread":84,"minecraft:netherrack":625,"minecraft:crimson_roots":15,"minecraft:diamond_pickaxe":2,"minecraft:crafting_table":4,"minecraft:nether_wart":8,"minecraft:brown_mushroom":1,"minecraft:gold_block":5,"minecraft:shield":3,"minecraft:iron_axe":2,"minecraft:flint_and_steel":1,"minecraft:blackstone":153,"minecraft:cracked_stone_bricks":2,"minecraft:beef":10,"minecraft:iron_nugget":13,"minecraft:diamond_hoe":2,"minecraft:egg":1,"minecraft:raw_iron":3,"minecraft:fire_charge":16,"minecraft:polished_blackstone_bricks":81,"minecraft:arrow":157,"minecraft:diamond_chestplate":4,"minecraft:nether_bricks":41,"minecraft:diamond_boots":3,"minecraft:deepslate_bricks":1,"minecraft:totem_of_undying":6,"minecraft:saddle":3,"minecraft:gold_ingot":137,"minecraft:mutton":22,"minecraft:rail":1,"minecraft:white_wool":11,"minecraft:bone_block":13,"minecraft:golden_carrot":7,"minecraft:leather":44,"minecraft:oak_log":9,"minecraft:lily_pad":4,"minecraft:gunpowder":14,"minecraft:nether_wart_block":1,"minecraft:white_banner":16,"minecraft:stone_bricks":5,"minecraft:warped_stem":4,"minecraft:iron_ingot":43,"minecraft:soul_sand":26,"minecraft:iron_sword":5,"minecraft:book":182,"minecraft:warped_fungus":3,"minecraft:birch_boat":5,"minecraft:quartz":99,"minecraft:gravel":141,"minecraft:spruce_sapling":68,"minecraft:white_bed":4,"minecraft:spruce_log":765,"minecraft:crying_obsidian":10,"minecraft:spider_eye":2,"minecraft:spruce_door":4,"minecraft:diamond_axe":2,"minecraft:warped_roots":18,"minecraft:warped_nylium":15,"minecraft:coal":19,"minecraft:ender_pearl":79},"minecraft:broken":{"minecraft:iron_axe":2},"minecraft:used":{"minecraft:diamond_hoe":8,"minecraft:ladder":3,"minecraft:shield":31,"minecraft:iron_sword":17,"minecraft:rotten_flesh":5,"minecraft:iron_chestplate":1,"minecraft:soul_sand":10,"minecraft:mutton":6,"minecraft:nether_bricks":41,"minecraft:obsidian":12,"minecraft:spruce_boat":4,"minecraft:warped_nylium":6,"minecraft:iron_helmet":1,"minecraft:golden_sword":2,"minecraft:bow":86,"minecraft:warped_fungus":3,"minecraft:golden_boots":1,"minecraft:diorite":14,"minecraft:diamond_boots":1,"minecraft:spruce_door":7,"minecraft:blackstone":148,"minecraft:ender_pearl":44,"minecraft:diamond_axe":141,"minecraft:white_wool":3,"minecraft:golden_apple":5,"minecraft:crossbow":74,"minecraft:bread":164,"minecraft:gravel":90,"minecraft:nether_wart_block":1,"minecraft:diamond_sword":1404,"minecraft:fire_charge":13,"minecraft:grindstone":1,"minecraft:andesite":1,"minecraft:bone_meal":1,"minecraft:oak_fence":1,"minecraft:enchanting_table":1,"minecraft:flint_and_steel":1,"minecraft:netherrack":531,"minecraft:torch":46,"minecraft:dirt":1,"minecraft:warped_wart_block":1,"minecraft:twisting_vines":1,"minecraft:diamond_helmet":5,"minecraft:bookshelf":15,"minecraft:iron_axe":670,"minecraft:spruce_button":1,"minecraft:iron_boots":1,"minecraft:diamond_chestplate":3,"minecraft:golden_carrot":18,"minecraft:iron_leggings":1,"minecraft:birch_boat":6,"minecraft:brown_mushroom":1,"minecraft:polished_blackstone_bricks":47,"minecraft:warped_roots":2,"minecraft:crafting_table":5,"minecraft:white_bed":3,"minecraft:spruce_log":17,"minecraft:oak_log":1,"minecraft:ender_eye":21,"minecraft:diamond_pickaxe":496,"minecraft:cracked_polished_blackstone_bricks":25,"minecraft:suspicious_stew":1,"minecraft:iron_pickaxe":568,"minecraft:spruce_sapling":38,"minecraft:crimson_nylium":1,"minecraft:stone_axe":61,"minecraft:cobblestone":169,"minecraft:potion":1,"minecraft:white_banner":10,"minecraft:cooked_porkchop":23,"minecraft:porkchop":15},"minecraft:dropped":{"minecraft:iron_sword":4,"minecraft:warped_stem":2,"minecraft:soul_sand":11,"minecraft:porkchop":10,"minecraft:diamond_axe":2,"minecraft:glass_bottle":1,"minecraft:ender_pearl":3,"minecraft:cooked_porkchop":5,"minecraft:crossbow":5,"minecraft:warped_roots":16,"minecraft:emerald":42,"minecraft:flint":1,"minecraft:dirt":5,"minecraft:cracked_polished_blackstone_bricks":2,"minecraft:crimson_roots":15,"minecraft:gold_nugget":9,"minecraft:bone_block":13,"minecraft:polished_blackstone_bricks":34,"minecraft:iron_pickaxe":3,"minecraft:white_wool":4,"minecraft:gold_ingot":127,"minecraft:bone":3,"minecraft:gravel":94,"minecraft:chiseled_polished_blackstone":8,"minecraft:stone_axe":1,"minecraft:blackstone":11,"minecraft:ancient_debris":1,"minecraft:iron_nugget":13,"minecraft:twisting_vines":10,"minecraft:rotten_flesh":37,"minecraft:gunpowder":10,"minecraft:arrow":13,"minecraft:beef":2,"minecraft:quartz":35,"minecraft:netherrack":30,"minecraft:iron_ingot":3,"minecraft:golden_boots":1,"minecraft:enchanted_book":2,"minecraft:bread":92,"minecraft:wheat_seeds":18,"minecraft:book":3,"minecraft:iron_helmet":1,"minecraft:cobblestone":79,"minecraft:spectral_arrow":25,"minecraft:granite":4,"minecraft:stick":53,"minecraft:golden_carrot":8,"minecraft:iron_door":1,"minecraft:diamond_helmet":1,"minecraft:iron_leggings":1,"minecraft:iron_axe":3,"minecraft:string":5,"minecraft:spruce_sapling":1,"minecraft:warped_nylium":9,"minecraft:bowl":1,"minecraft:raw_iron":2,"minecraft:iron_boots":3,"minecraft:totem_of_undying":2,"minecraft:deepslate_bricks":1,"minecraft:spruce_boat":1,"minecraft:shield":1,"minecraft:diamond_chestplate":1,"minecraft:spruce_planks":3,"minecraft:iron_chestplate":1,"minecraft:golden_sword":37,"minecraft:spider_eye":1,"minecraft:diamond_boots":1,"minecraft:spruce_log":3,"minecraft:bow":1,"minecraft:magma_cream":3},"minecraft:killed_by":{"minecraft:ravager":1},"minecraft:crafted":{"minecraft:oak_planks":32,"minecraft:bookshelf":16,"minecraft:suspicious_stew":1,"minecraft:warped_planks":8,"minecraft:diamond_helmet":1,"minecraft:diamond_leggings":1,"minecraft:bow":2,"minecraft:iron_boots":1,"minecraft:ender_eye":21,"minecraft:emerald":168,"minecraft:cooked_porkchop":1,"minecraft:crafting_table":2,"minecraft:spruce_planks":2812,"minecraft:iron_helmet":1,"minecraft:spruce_door":3,"minecraft:iron_chestplate":1,"minecraft:stick":5348,"minecraft:iron_ingot":3,"minecraft:iron_pickaxe":2,"minecraft:gold_ingot":49,"minecraft:golden_carrot":9,"minecraft:spruce_button":1,"minecraft:bone_meal":12,"minecraft:iron_axe":2,"minecraft:ladder":3,"minecraft:spruce_boat":6,"minecraft:diamond_sword":1,"minecraft:enchanting_table":1,"minecraft:stone_axe":1,"minecraft:enchanted_book":5,"minecraft:bread":174,"minecraft:air":0,"minecraft:iron_leggings":1,"minecraft:white_bed":1},"minecraft:custom":{"minecraft:interact_with_crafting_table":26,"minecraft:leave_game":20,"minecraft:time_since_death":26339,"minecraft:sprint_one_cm":1376831,"minecraft:damage_blocked_by_shield":1000,"minecraft:drop":255,"minecraft:talked_to_villager":81,"minecraft:play_time":370621,"minecraft:deaths":3,"minecraft:jump":11355,"minecraft:walk_on_water_one_cm":27884,"minecraft:enchant_item":4,"minecraft:interact_with_furnace":6,"minecraft:traded_with_villager":208,"minecraft:sleep_in_bed":6,"minecraft:damage_dealt":90827,"minecraft:crouch_one_cm":91299,"minecraft:mob_kills":531,"minecraft:interact_with_anvil":19,"minecraft:climb_one_cm":5732,"minecraft:walk_one_cm":595513,"minecraft:raid_win":2,"minecraft:sneak_time":31690,"minecraft:walk_under_water_one_cm":32082,"minecraft:boat_one_cm":165548,"minecraft:total_world_time":370621,"minecraft:interact_with_grindstone":7,"minecraft:time_since_rest":26366,"minecraft:damage_absorbed":201,"minecraft:damage_taken":10816,"minecraft:swim_one_cm":81569,"minecraft:fly_one_cm":2309048,"minecraft:open_chest":125,"minecraft:fall_one_cm":255503},"minecraft:mined":{"minecraft:white_bed":3,"minecraft:granite":3,"minecraft:chiseled_polished_blackstone":2,"minecraft:grass_block":1,"minecraft:cracked_polished_blackstone_bricks":26,"minecraft:nether_wart":8,"minecraft:polished_blackstone_bricks":87,"minecraft:weeping_vines_plant":2,"minecraft:glowstone":1,"minecraft:iron_ore":3,"minecraft:cobbled_deepslate":1,"minecraft:fire":11,"minecraft:twisting_vines":3,"minecraft:brown_mushroom":2,"minecraft:blackstone":66,"minecraft:twisting_vines_plant":4,"minecraft:crimson_nylium":2,"minecraft:nether_quartz_ore":122,"minecraft:cobblestone":22,"minecraft:grindstone":1,"minecraft:oak_planks":8,"minecraft:iron_door":1,"minecraft:warped_nylium":9,"minecraft:powered_rail":1,"minecraft:nether_wart_block":1,"minecraft:warped_fungus":1,"minecraft:grass":63,"minecraft:oak_log":9,"minecraft:sand":4,"minecraft:dirt":5,"minecraft:netherrack":560,"minecraft:oak_leaves":1,"minecraft:nether_gold_ore":18,"minecraft:crimson_roots":9,"minecraft:weeping_vines":3,"minecraft:spruce_leaves":19,"minecraft:spruce_sapling":2,"minecraft:nether_sprouts":3,"minecraft:andesite":2,"minecraft:gold_block":2,"minecraft:bookshelf":60,"minecraft:warped_stem":5,"minecraft:stone":101,"minecraft:white_wool":1,"minecraft:soul_sand":3,"minecraft:spruce_door":4,"minecraft:oak_fence":1,"minecraft:crafting_table":2,"minecraft:warped_roots":1,"minecraft:tall_grass":6,"minecraft:copper_ore":1,"minecraft:lily_pad":4,"minecraft:diorite":14,"minecraft:warped_wart_block":1,"minecraft:spruce_log":739,"minecraft:white_wall_banner":1,"minecraft:coal_ore":4,"minecraft:gravel":31,"minecraft:cobweb":13,"minecraft:cracked_stone_bricks":2,"minecraft:stone_bricks":6,"minecraft:mossy_stone_bricks":4},"minecraft:killed":{"minecraft:zombified_piglin":231,"minecraft:witch":4,"minecraft:spider":2,"minecraft:skeleton":8,"minecraft:silverfish":11,"minecraft:piglin_brute":4,"minecraft:magma_cube":10,"minecraft:piglin":46,"minecraft:pig":2,"minecraft:creeper":8,"minecraft:sheep":10,"minecraft:pillager":23,"minecraft:zombie":26,"minecraft:ghast":4,"minecraft:blaze":35,"minecraft:cow":3,"minecraft:evoker":4,"minecraft:vex":7,"minecraft:vindicator":24,"minecraft:bat":1,"minecraft:ravager":6,"minecraft:hoglin":12,"minecraft:wither_skeleton":5,"minecraft:enderman":33}},"DataVersion":3465}