{"stats":{"minecraft:picked_up":{"minecraft:crafting_table":4,"minecraft:nether_wart":8,"minecraft:brown_mushroom":1,"minecraft:potion":2,"minecraft:gold_block":5,"minecraft:enchanted_book":5,"minecraft:nether_brick":22,"minecraft:shield":2,"minecraft:golden_sword":36,"minecraft:string":16,"minecraft:raw_copper":3,"minecraft:blackstone":153,"minecraft:cracked_stone_bricks":1,"minecraft:gold_nugget":440,"minecraft:spruce_planks":8,"minecraft:eye_armor_trim_smithing_template":1,"minecraft:beef":8,"minecraft:ender_eye":7,"minecraft:iron_nugget":13,"minecraft:iron_pickaxe":1,"minecraft:diamond_hoe":1,"minecraft:iron_boots":2,"minecraft:egg":1,"minecraft:raw_iron":2,"minecraft:stick":93,"minecraft:oak_fence":1,"minecraft:torch":91,"minecraft:fire_charge":16,"minecraft:porkchop":27,"minecraft:polished_blackstone_bricks":81,"minecraft:diorite":14,"minecraft:arrow":93,"minecraft:rotten_flesh":293,"minecraft:diamond_chestplate":3,"minecraft:nether_bricks":41,"minecraft:deepslate_bricks":1,"minecraft:diamond_boots":1,"minecraft:gold_ingot":77,"minecraft:blaze_rod":62,"minecraft:obsidian":4,"minecraft:mutton":22,"minecraft:bone_block":13,"minecraft:blaze_powder":52,"minecraft:white_wool":11,"minecraft:cobblestone":121,"minecraft:magma_cream":3,"minecraft:andesite":1,"minecraft:golden_carrot":7,"minecraft:iron_door":3,"minecraft:leather":44,"minecraft:flint":1,"minecraft:oak_log":9,"minecraft:lily_pad":4,"minecraft:nether_wart_block":1,"minecraft:gunpowder":10,"minecraft:wither_skeleton_skull":2,"minecraft:dirt":5,"minecraft:white_banner":3,"minecraft:twisting_vines":11,"minecraft:bone":25,"minecraft:stone_bricks":5,"minecraft:wheat_seeds":9,"minecraft:warped_stem":4,"minecraft:iron_ingot":43,"minecraft:grindstone":1,"minecraft:mossy_stone_bricks":3,"minecraft:diamond_helmet":1,"minecraft:iron_sword":4,"minecraft:oak_planks":9,"minecraft:soul_sand":26,"minecraft:book":182,"minecraft:warped_fungus":3,"minecraft:chiseled_polished_blackstone":12,"minecraft:cooked_porkchop":27,"minecraft:birch_boat":5,"minecraft:warped_wart_block":1,"minecraft:quartz":95,"minecraft:gravel":141,"minecraft:spruce_sapling":58,"minecraft:white_bed":3,"minecraft:spruce_log":762,"minecraft:crying_obsidian":10,"minecraft:spectral_arrow":136,"minecraft:spruce_door":4,"minecraft:spider_eye":2,"minecraft:spruce_boat":2,"minecraft:diamond":5,"minecraft:granite":4,"minecraft:cracked_polished_blackstone_bricks":27,"minecraft:crossbow":2,"minecraft:diamond_axe":2,"minecraft:warped_roots":18,"minecraft:bread":74,"minecraft:emerald":46,"minecraft:netherrack":542,"minecraft:warped_nylium":15,"minecraft:coal":15,"minecraft:crimson_roots":15,"minecraft:ender_pearl":70,"minecraft:diamond_pickaxe":1},"minecraft:broken":{"minecraft:iron_axe":2},"minecraft:used":{"minecraft:oak_fence":1,"minecraft:enchanting_table":1,"minecraft:flint_and_steel":1,"minecraft:ladder":3,"minecraft:diamond_hoe":8,"minecraft:shield":28,"minecraft:iron_sword":17,"minecraft:rotten_flesh":3,"minecraft:netherrack":488,"minecraft:iron_chestplate":1,"minecraft:torch":46,"minecraft:mutton":6,"minecraft:soul_sand":10,"minecraft:dirt":1,"minecraft:warped_wart_block":1,"minecraft:nether_bricks":41,"minecraft:twisting_vines":1,"minecraft:diamond_helmet":5,"minecraft:obsidian":12,"minecraft:spruce_boat":2,"minecraft:bookshelf":15,"minecraft:spruce_button":1,"minecraft:iron_axe":670,"minecraft:warped_nylium":6,"minecraft:iron_helmet":1,"minecraft:iron_boots":1,"minecraft:golden_sword":2,"minecraft:diamond_chestplate":3,"minecraft:golden_carrot":14,"minecraft:warped_fungus":3,"minecraft:bow":72,"minecraft:iron_leggings":1,"minecraft:golden_boots":1,"minecraft:diorite":14,"minecraft:diamond_boots":1,"minecraft:spruce_door":7,"minecraft:brown_mushroom":1,"minecraft:ender_pearl":40,"minecraft:blackstone":148,"minecraft:birch_boat":6,"minecraft:diamond_axe":141,"minecraft:warped_roots":2,"minecraft:polished_blackstone_bricks":47,"minecraft:white_wool":3,"minecraft:crafting_table":5,"minecraft:crossbow":52,"minecraft:white_bed":3,"minecraft:spruce_log":17,"minecraft:oak_log":1,"minecraft:diamond_pickaxe":418,"minecraft:ender_eye":21,"minecraft:cracked_polished_blackstone_bricks":25,"minecraft:bread":144,"minecraft:iron_pickaxe":568,"minecraft:gravel":90,"minecraft:spruce_sapling":38,"minecraft:crimson_nylium":1,"minecraft:stone_axe":61,"minecraft:fire_charge":13,"minecraft:nether_wart_block":1,"minecraft:diamond_sword":1237,"minecraft:potion":1,"minecraft:cobblestone":167,"minecraft:grindstone":1,"minecraft:porkchop":15,"minecraft:cooked_porkchop":23,"minecraft:andesite":1,"minecraft:bone_meal":1},"minecraft:dropped":{"minecraft:enchanted_book":2,"minecraft:golden_boots":1,"minecraft:iron_ingot":3,"minecraft:bread":92,"minecraft:iron_sword":4,"minecraft:warped_stem":2,"minecraft:soul_sand":11,"minecraft:porkchop":9,"minecraft:wheat_seeds":9,"minecraft:diamond_axe":2,"minecraft:ender_pearl":3,"minecraft:glass_bottle":1,"minecraft:cooked_porkchop":5,"minecraft:crossbow":2,"minecraft:iron_helmet":1,"minecraft:cobblestone":79,"minecraft:book":3,"minecraft:warped_roots":16,"minecraft:spectral_arrow":25,"minecraft:granite":4,"minecraft:flint":1,"minecraft:emerald":40,"minecraft:stick":53,"minecraft:cracked_polished_blackstone_bricks":2,"minecraft:dirt":5,"minecraft:golden_carrot":8,"minecraft:crimson_roots":15,"minecraft:iron_door":1,"minecraft:diamond_helmet":1,"minecraft:gold_nugget":8,"minecraft:iron_leggings":1,"minecraft:bone_block":13,"minecraft:iron_axe":1,"minecraft:polished_blackstone_bricks":34,"minecraft:iron_pickaxe":3,"minecraft:string":5,"minecraft:white_wool":4,"minecraft:bone":3,"minecraft:gold_ingot":127,"minecraft:gravel":94,"minecraft:chiseled_polished_blackstone":8,"minecraft:stone_axe":1,"minecraft:blackstone":11,"minecraft:ancient_debris":1,"minecraft:warped_nylium":9,"minecraft:iron_nugget":13,"minecraft:twisting_vines":10,"minecraft:raw_iron":2,"minecraft:rotten_flesh":26,"minecraft:iron_boots":3,"minecraft:deepslate_bricks":1,"minecraft:spruce_boat":1,"minecraft:shield":1,"minecraft:gunpowder":6,"minecraft:diamond_chestplate":1,"minecraft:spruce_planks":3,"minecraft:iron_chestplate":1,"minecraft:golden_sword":36,"minecraft:spider_eye":1,"minecraft:spruce_log":3,"minecraft:arrow":13,"minecraft:bow":1,"minecraft:magma_cream":3,"minecraft:quartz":35,"minecraft:netherrack":17},"minecraft:crafted":{"minecraft:oak_planks":32,"minecraft:spruce_button":1,"minecraft:bone_meal":12,"minecraft:bookshelf":16,"minecraft:warped_planks":8,"minecraft:diamond_helmet":1,"minecraft:bow":2,"minecraft:diamond_leggings":1,"minecraft:iron_boots":1,"minecraft:iron_axe":2,"minecraft:ladder":3,"minecraft:spruce_boat":6,"minecraft:ender_eye":21,"minecraft:diamond_sword":1,"minecraft:emerald":168,"minecraft:cooked_porkchop":1,"minecraft:crafting_table":2,"minecraft:enchanting_table":1,"minecraft:spruce_planks":2812,"minecraft:iron_helmet":1,"minecraft:spruce_door":3,"minecraft:stone_axe":1,"minecraft:enchanted_book":4,"minecraft:air":0,"minecraft:bread":156,"minecraft:iron_chestplate":1,"minecraft:stick":5348,"minecraft:iron_ingot":3,"minecraft:iron_pickaxe":2,"minecraft:gold_ingot":49,"minecraft:iron_leggings":1,"minecraft:white_bed":1},"minecraft:custom":{"minecraft:interact_with_anvil":18,"minecraft:mob_kills":463,"minecraft:interact_with_crafting_table":25,"minecraft:leave_game":20,"minecraft:time_since_death":333888,"minecraft:climb_one_cm":5732,"minecraft:sprint_one_cm":1224957,"minecraft:walk_one_cm":547426,"minecraft:damage_blocked_by_shield":670,"minecraft:drop":227,"minecraft:talked_to_villager":73,"minecraft:raid_win":1,"minecraft:play_time":334621,"minecraft:sneak_time":30802,"minecraft:deaths":2,"minecraft:walk_under_water_one_cm":21812,"minecraft:boat_one_cm":96022,"minecraft:jump":9649,"minecraft:enchant_item":4,"minecraft:walk_on_water_one_cm":24874,"minecraft:total_world_time":334621,"minecraft:interact_with_furnace":6,"minecraft:traded_with_villager":200,"minecraft:interact_with_grindstone":7,"minecraft:sleep_in_bed":5,"minecraft:time_since_rest":13183,"minecraft:damage_taken":8940,"minecraft:damage_dealt":78853,"minecraft:swim_one_cm":70627,"minecraft:fly_one_cm":1870581,"minecraft:open_chest":118,"minecraft:crouch_one_cm":90571,"minecraft:fall_one_cm":222169},"minecraft:mined":{"minecraft:nether_gold_ore":18,"minecraft:white_bed":3,"minecraft:granite":3,"minecraft:chiseled_polished_blackstone":2,"minecraft:grass_block":1,"minecraft:crimson_roots":9,"minecraft:cracked_polished_blackstone_bricks":26,"minecraft:weeping_vines":3,"minecraft:spruce_leaves":19,"minecraft:nether_wart":8,"minecraft:polished_blackstone_bricks":87,"minecraft:weeping_vines_plant":2,"minecraft:spruce_sapling":2,"minecraft:iron_ore":2,"minecraft:glowstone":1,"minecraft:nether_sprouts":3,"minecraft:fire":11,"minecraft:cobbled_deepslate":1,"minecraft:andesite":2,"minecraft:gold_block":2,"minecraft:twisting_vines":3,"minecraft:bookshelf":60,"minecraft:warped_stem":5,"minecraft:stone":57,"minecraft:white_wool":1,"minecraft:brown_mushroom":2,"minecraft:soul_sand":3,"minecraft:blackstone":66,"minecraft:twisting_vines_plant":4,"minecraft:crimson_nylium":2,"minecraft:spruce_door":4,"minecraft:oak_fence":1,"minecraft:crafting_table":2,"minecraft:warped_roots":1,"minecraft:nether_quartz_ore":122,"minecraft:copper_ore":1,"minecraft:tall_grass":4,"minecraft:cobblestone":2,"minecraft:lily_pad":4,"minecraft:grindstone":1,"minecraft:oak_planks":8,"minecraft:diorite":14,"minecraft:iron_door":1,"minecraft:warped_wart_block":1,"minecraft:warped_nylium":9,"minecraft:powered_rail":1,"minecraft:nether_wart_block":1,"minecraft:spruce_log":739,"minecraft:warped_fungus":1,"minecraft:grass":49,"minecraft:coal_ore":2,"minecraft:oak_log":9,"minecraft:gravel":31,"minecraft:dirt":4,"minecraft:cobweb":13,"minecraft:cracked_stone_bricks":1,"minecraft:stone_bricks":6,"minecraft:netherrack":551,"minecraft:mossy_stone_bricks":4,"minecraft:oak_leaves":1},"minecraft:killed":{"minecraft:zombified_piglin":231,"minecraft:vindicator":2,"minecraft:spider":2,"minecraft:skeleton":8,"minecraft:silverfish":9,"minecraft:piglin_brute":4,"minecraft:magma_cube":10,"minecraft:piglin":46,"minecraft:pig":2,"minecraft:bat":1,"minecraft:ravager":1,"minecraft:hoglin":12,"minecraft:creeper":5,"minecraft:sheep":10,"minecraft:pillager":7,"minecraft:zombie":23,"minecraft:ghast":4,"minecraft:wither_skeleton":5,"minecraft:blaze":35,"minecraft:enderman":33,"minecraft:cow":2}},"DataVersion":3465}