{"stats":{"minecraft:picked_up":{"minecraft:crafting_table":1,"minecraft:nether_wart":8,"minecraft:enchanted_book":1,"minecraft:gold_block":5,"minecraft:potion":2,"minecraft:nether_brick":22,"minecraft:shield":1,"minecraft:string":1,"minecraft:blackstone":149,"minecraft:iron_nugget":13,"minecraft:diamond_hoe":1,"minecraft:iron_boots":2,"minecraft:stick":64,"minecraft:oak_fence":1,"minecraft:torch":91,"minecraft:fire_charge":16,"minecraft:porkchop":22,"minecraft:polished_blackstone_bricks":81,"minecraft:arrow":25,"minecraft:rotten_flesh":9,"minecraft:diamond_chestplate":1,"minecraft:nether_bricks":41,"minecraft:deepslate_bricks":1,"minecraft:diamond_boots":1,"minecraft:gold_ingot":66,"minecraft:blaze_rod":62,"minecraft:mutton":6,"minecraft:obsidian":4,"minecraft:bone_block":13,"minecraft:white_wool":5,"minecraft:cobblestone":65,"minecraft:golden_carrot":4,"minecraft:leather":35,"minecraft:flint":1,"minecraft:lily_pad":4,"minecraft:oak_log":9,"minecraft:nether_wart_block":1,"minecraft:gunpowder":4,"minecraft:wither_skeleton_skull":2,"minecraft:twisting_vines":10,"minecraft:bone":23,"minecraft:wheat_seeds":5,"minecraft:warped_stem":2,"minecraft:iron_ingot":43,"minecraft:iron_sword":4,"minecraft:soul_sand":11,"minecraft:book":1,"minecraft:warped_fungus":2,"minecraft:chiseled_polished_blackstone":12,"minecraft:cooked_porkchop":22,"minecraft:birch_boat":5,"minecraft:quartz":60,"minecraft:gravel":113,"minecraft:spruce_sapling":32,"minecraft:spruce_log":346,"minecraft:crying_obsidian":10,"minecraft:spectral_arrow":111,"minecraft:spider_eye":1,"minecraft:diamond":2,"minecraft:cracked_polished_blackstone_bricks":25,"minecraft:crossbow":1,"minecraft:bread":74,"minecraft:emerald":17,"minecraft:warped_roots":15,"minecraft:netherrack":86,"minecraft:warped_nylium":9,"minecraft:coal":13,"minecraft:crimson_roots":15,"minecraft:ender_pearl":24},"minecraft:broken":{"minecraft:iron_axe":1},"minecraft:used":{"minecraft:oak_fence":1,"minecraft:diamond_hoe":4,"minecraft:shield":25,"minecraft:iron_sword":11,"minecraft:rotten_flesh":3,"minecraft:netherrack":84,"minecraft:iron_chestplate":1,"minecraft:torch":46,"minecraft:dirt":1,"minecraft:mutton":6,"minecraft:nether_bricks":33,"minecraft:diamond_helmet":1,"minecraft:iron_axe":419,"minecraft:iron_helmet":1,"minecraft:iron_boots":1,"minecraft:golden_carrot":3,"minecraft:warped_fungus":2,"minecraft:iron_leggings":1,"minecraft:golden_boots":1,"minecraft:diamond_boots":1,"minecraft:blackstone":148,"minecraft:ender_pearl":17,"minecraft:birch_boat":6,"minecraft:polished_blackstone_bricks":47,"minecraft:white_wool":1,"minecraft:crossbow":36,"minecraft:spruce_log":2,"minecraft:oak_log":1,"minecraft:cracked_polished_blackstone_bricks":25,"minecraft:bread":83,"minecraft:iron_pickaxe":244,"minecraft:gravel":89,"minecraft:spruce_sapling":19,"minecraft:nether_wart_block":1,"minecraft:diamond_sword":362,"minecraft:fire_charge":11,"minecraft:potion":1,"minecraft:cobblestone":129,"minecraft:cooked_porkchop":13,"minecraft:porkchop":12,"minecraft:bone_meal":1},"minecraft:dropped":{"minecraft:golden_boots":1,"minecraft:enchanted_book":1,"minecraft:iron_ingot":3,"minecraft:bread":51,"minecraft:iron_sword":4,"minecraft:warped_stem":2,"minecraft:soul_sand":11,"minecraft:porkchop":7,"minecraft:wheat_seeds":5,"minecraft:glass_bottle":1,"minecraft:cooked_porkchop":3,"minecraft:iron_helmet":1,"minecraft:cobblestone":64,"minecraft:warped_roots":15,"minecraft:flint":1,"minecraft:stick":50,"minecraft:emerald":40,"minecraft:crimson_roots":15,"minecraft:iron_leggings":1,"minecraft:bone_block":13,"minecraft:iron_axe":1,"minecraft:polished_blackstone_bricks":34,"minecraft:iron_pickaxe":1,"minecraft:string":5,"minecraft:bone":3,"minecraft:gold_ingot":127,"minecraft:gravel":66,"minecraft:chiseled_polished_blackstone":8,"minecraft:blackstone":11,"minecraft:warped_nylium":9,"minecraft:iron_nugget":13,"minecraft:twisting_vines":10,"minecraft:iron_boots":3,"minecraft:deepslate_bricks":1,"minecraft:gunpowder":2,"minecraft:iron_chestplate":1,"minecraft:spider_eye":1,"minecraft:netherrack":2},"minecraft:crafted":{"minecraft:oak_planks":32,"minecraft:bone_meal":12,"minecraft:diamond_helmet":1,"minecraft:diamond_leggings":1,"minecraft:iron_boots":1,"minecraft:iron_axe":1,"minecraft:diamond_sword":1,"minecraft:emerald":89,"minecraft:cooked_porkchop":1,"minecraft:spruce_planks":1376,"minecraft:iron_helmet":1,"minecraft:enchanted_book":1,"minecraft:air":0,"minecraft:bread":60,"minecraft:iron_chestplate":1,"minecraft:stick":2816,"minecraft:iron_pickaxe":1,"minecraft:iron_leggings":1},"minecraft:custom":{"minecraft:mob_kills":135,"minecraft:interact_with_anvil":1,"minecraft:interact_with_crafting_table":7,"minecraft:leave_game":2,"minecraft:time_since_death":146070,"minecraft:climb_one_cm":2564,"minecraft:sprint_one_cm":566134,"minecraft:walk_one_cm":271575,"minecraft:damage_blocked_by_shield":580,"minecraft:drop":114,"minecraft:talked_to_villager":28,"minecraft:play_time":146803,"minecraft:deaths":2,"minecraft:sneak_time":21143,"minecraft:walk_under_water_one_cm":1148,"minecraft:jump":4660,"minecraft:walk_on_water_one_cm":16304,"minecraft:total_world_time":146803,"minecraft:interact_with_furnace":5,"minecraft:traded_with_villager":102,"minecraft:interact_with_grindstone":2,"minecraft:time_since_rest":146100,"minecraft:damage_taken":5628,"minecraft:damage_dealt":27483,"minecraft:swim_one_cm":12202,"minecraft:fly_one_cm":819833,"minecraft:open_chest":33,"minecraft:crouch_one_cm":60592,"minecraft:fall_one_cm":115328},"minecraft:mined":{"minecraft:chiseled_polished_blackstone":2,"minecraft:crimson_roots":8,"minecraft:cracked_polished_blackstone_bricks":25,"minecraft:weeping_vines":2,"minecraft:spruce_leaves":15,"minecraft:nether_wart":8,"minecraft:polished_blackstone_bricks":83,"minecraft:weeping_vines_plant":2,"minecraft:glowstone":1,"minecraft:nether_sprouts":1,"minecraft:cobbled_deepslate":1,"minecraft:fire":8,"minecraft:gold_block":2,"minecraft:twisting_vines":2,"minecraft:warped_stem":3,"minecraft:white_wool":1,"minecraft:soul_sand":1,"minecraft:blackstone":61,"minecraft:twisting_vines_plant":3,"minecraft:crimson_nylium":1,"minecraft:oak_fence":1,"minecraft:warped_roots":1,"minecraft:nether_quartz_ore":5,"minecraft:tall_grass":4,"minecraft:cobblestone":1,"minecraft:lily_pad":4,"minecraft:warped_nylium":2,"minecraft:spruce_log":354,"minecraft:grass":19,"minecraft:oak_log":9,"minecraft:gravel":27,"minecraft:dirt":1,"minecraft:netherrack":60},"minecraft:killed":{"minecraft:spider":1,"minecraft:skeleton":7,"minecraft:piglin_brute":3,"minecraft:piglin":32,"minecraft:pig":2,"minecraft:hoglin":7,"minecraft:creeper":4,"minecraft:sheep":4,"minecraft:zombie":15,"minecraft:wither_skeleton":5,"minecraft:blaze":35,"minecraft:enderman":13}},"DataVersion":3465}