{"stats":{"minecraft:picked_up":{"minecraft:raw_iron":3,"minecraft:crafting_table":2,"minecraft:chicken":1,"minecraft:andesite":7,"minecraft:dandelion":1,"minecraft:oak_log":7,"minecraft:diorite":34,"minecraft:gunpowder":1,"minecraft:shulker_box":1,"minecraft:dirt":25,"minecraft:diamond_chestplate":1,"minecraft:rotten_flesh":2,"minecraft:diamond":16,"minecraft:wheat_seeds":1,"minecraft:cobbled_deepslate":8,"minecraft:diamond_boots":1,"minecraft:granite":18,"minecraft:bread":60,"minecraft:diamond_helmet":1,"minecraft:black_wool":1,"minecraft:mutton":2,"minecraft:rail":2,"minecraft:furnace":1,"minecraft:cobblestone":157,"minecraft:egg":1},"minecraft:used":{"minecraft:diamond_pickaxe":242,"minecraft:chicken":1,"minecraft:bread":9,"minecraft:wooden_pickaxe":6,"minecraft:stone_axe":16,"minecraft:cobblestone":7,"minecraft:dirt":7,"minecraft:mutton":2,"minecraft:crafting_table":2,"minecraft:furnace":1},"minecraft:crafted":{"minecraft:oak_planks":28,"minecraft:shield":1,"minecraft:crafting_table":1,"minecraft:stick":8,"minecraft:iron_ingot":1,"minecraft:wooden_pickaxe":1,"minecraft:stone_pickaxe":1,"minecraft:furnace":1,"minecraft:stone_axe":1,"minecraft:air":0},"minecraft:custom":{"minecraft:time_since_rest":21125,"minecraft:interact_with_furnace":1,"minecraft:sprint_one_cm":178391,"minecraft:open_enderchest":1,"minecraft:damage_taken":241,"minecraft:walk_one_cm":35039,"minecraft:mob_kills":5,"minecraft:damage_dealt":1123,"minecraft:swim_one_cm":2146,"minecraft:interact_with_crafting_table":4,"minecraft:fly_one_cm":96018,"minecraft:open_chest":21,"minecraft:crouch_one_cm":118,"minecraft:play_time":21125,"minecraft:sneak_time":186,"minecraft:walk_under_water_one_cm":34,"minecraft:jump":435,"minecraft:leave_game":1,"minecraft:time_since_death":21125,"minecraft:walk_on_water_one_cm":456,"minecraft:total_world_time":21125,"minecraft:fall_one_cm":1494},"minecraft:mined":{"minecraft:diamond_ore":17,"minecraft:furnace":1,"minecraft:iron_ore":3,"minecraft:andesite":7,"minecraft:crafting_table":2,"minecraft:granite":18,"minecraft:grass":5,"minecraft:grass_block":4,"minecraft:oak_log":7,"minecraft:dirt":5,"minecraft:stone":158,"minecraft:diorite":34,"minecraft:deepslate":8},"minecraft:killed":{"minecraft:sheep":1,"minecraft:zombie":2,"minecraft:chicken":1,"minecraft:creeper":1}},"DataVersion":3465}