{
  "minecraft:recipes/decorations/crafting_table": {
    "criteria": {
      "unlock_right_away": "2024-09-12 02:28:23 +0000"
    },
    "done": true
  },
  "minecraft:adventure/adventuring_time": {
    "criteria": {
      "minecraft:birch_forest": "2024-09-12 02:36:04 +0000",
      "minecraft:beach": "2024-09-12 02:36:51 +0000",
      "minecraft:river": "2024-09-12 02:36:47 +0000",
      "minecraft:forest": "2024-09-12 02:37:02 +0000",
      "minecraft:windswept_forest": "2024-09-12 02:28:24 +0000",
      "minecraft:old_growth_birch_forest": "2024-09-12 02:36:48 +0000",
      "minecraft:plains": "2024-09-12 02:37:04 +0000"
    },
    "done": false
  },
  "DataVersion": 3465
}